Name,0.0025,0.0075,0.0125,0.0175,0.0225,0.0275,0.0325,0.0375,0.0425,0.0475,0.0525,0.0575,0.0625,0.0675,0.0725,0.0775,0.0825,0.0875,0.0925,0.0975,0.1025,0.1075,0.1125,0.1175,0.1225,0.1275,0.1325,0.1375,0.1425,0.1475,0.1525,0.1575,0.1625,0.1675,0.1725,0.1775,0.1825,0.1875,0.1925,0.1975,0.2025,0.2075,0.2125,0.2175,0.2225,0.2275,0.2325,0.2375,0.2425,0.2475,0.2525,0.2575,0.2625,0.2675,0.2725,0.2775,0.2825,0.2875,0.2925,0.2975,0.3025,0.3075,0.3125,0.3175,0.3225,0.3275,0.3325,0.3375,0.3425,0.3475,0.3525,0.3575,0.3625,0.3675,0.3725,0.3775,0.3825,0.3875,0.3925,0.3975,0.4025,0.4075,0.4125,0.4175,0.4225,0.4275,0.4325,0.4375,0.4425,0.4475,0.4525,0.4575,0.4625,0.4675,0.4725,0.4775,0.4825,0.4875,0.4925,0.4975
L-alpha-alanine,0.0,0.0,0.0,0.0,0.0,0.0,0.0,0.0,0.0,0.0,0.0,0.0,0.0,0.0,0.0,0.0,0.0,0.0,0.0,0.0,0.0,0.0,0.0,0.0,0.0,0.0,0.0,0.0,0.0,0.0,0.0,0.0,0.0267,0.1643,0.5075,1.0673,1.4879,1.8214,1.7805,1.7209999999999999,1.4398,1.1568,0.9139,0.82,0.6873,0.6068,0.5077,0.626,0.7166,1.1111,1.8798,3.2704,4.4668,5.3375,5.2725,4.9033,4.4645,3.9115,3.5285,3.2428,2.9808,2.943,2.7526,2.7371,2.7778,2.6987,2.8985,2.8729,3.0239999999999996,2.9781,3.0415,3.1961,3.1339,3.1351,3.3937,3.41,3.5531,3.6046,3.6545,3.7334,3.7307,4.0136,4.099,3.9235,4.0207,4.119,4.0204,4.0342,4.0373,3.9868,4.1409,4.0874,4.1237,4.0125,3.8753,3.9216,3.9695,3.9532,4.0126,3.958
L-valine,0.0,0.0,0.0,0.0,0.0,0.0,0.0,0.0,0.0,0.0,0.0,0.0,0.0,0.0,0.0,0.0,0.0,0.0,0.0,0.0,0.0,0.0,0.0,0.0,0.0,0.0,0.0,0.0,0.0,0.0,0.0,0.0008,0.012,0.0832,0.3081,0.6115,0.9706,1.3869,1.4305,1.4268,1.3484,1.1534,0.9972,0.8359,0.7118,0.589,0.6105,0.6203,0.8490000000000001,1.2371,2.2119999999999997,3.6114,5.0756,5.7113,5.7022,5.2749,4.9551,4.5557,4.2359,3.9061,3.7669,3.5116,3.4365,3.3959,3.4004,3.1479,3.1834,3.1723,3.0806,3.1315,3.1981,3.1822,3.2739999999999996,3.2346,3.2616,3.3831,3.4037,3.3323,3.4866,3.39,3.5028,3.6143,3.6295,3.6729,3.6845,3.7185,3.6015,3.7478,3.7926,3.7385,3.6539,3.5596,3.7242,3.6761,3.6178,3.5208,3.6524,3.5998,3.7244,3.7717
L-leucine,0.0,0.0,0.0,0.0,0.0,0.0,0.0,0.0,0.0,0.0,0.0,0.0,0.0,0.0,0.0,0.0,0.0,0.0,0.0,0.0,0.0,0.0,0.0,0.0,0.0,0.0,0.0,0.0,0.0,0.0,0.0,0.0016,0.0253,0.1171,0.4095,0.7833,1.2195,1.4473,1.4709,1.3584,1.1984,0.9639,0.7793,0.59,0.5014,0.4619,0.5391,0.5598,0.8495,1.3854,2.4676,3.9062,5.24,5.7961,5.888,5.5368,5.2163,4.7766,4.3388,4.0783,3.9384,3.8262,3.6676,3.5167,3.5056,3.4905,3.1645,3.2301,3.1538,3.1293,3.1313,3.1853,3.2312,3.1061,3.1911,3.2331,3.2032,3.378,3.3313,3.5239999999999996,3.4277,3.4817,3.4369,3.5379,3.5736,3.5848,3.5416,3.6205,3.6107,3.6165,3.5597,3.4782,3.5242,3.3552,3.5072,3.5626,3.4732,3.5723,3.7349,3.7568
L-isoleucine,0.0,0.0,0.0,0.0,0.0,0.0,0.0,0.0,0.0,0.0,0.0,0.0,0.0,0.0,0.0,0.0,0.0,0.0,0.0,0.0,0.0,0.0,0.0,0.0,0.0,0.0,0.0,0.0,0.0,0.0,0.0,0.0,0.0111,0.0904,0.2494,0.624,0.9765,1.307,1.4107,1.426,1.2879,1.1079,0.8658,0.7208,0.6144,0.5218,0.5353,0.6263,0.8518,1.3483,2.188,3.5741,4.9248,5.7543,5.7516,5.5760000000000005,5.1982,4.7982,4.4716,4.2447,3.9785,3.7723,3.6501,3.6763,3.51,3.46,3.4444,3.2864,3.2762,3.2632,3.2835,3.2692,3.1895,3.2794,3.2333,3.2373,3.2969,3.2721,3.3167,3.4152,3.5115,3.4164,3.536,3.5246,3.6289,3.5353,3.5352,3.5004,3.458,3.6477,3.5718,3.5031,3.4104,3.5475,3.5463,3.4248,3.5860000000000003,3.5542,3.6052,3.7888
L-proline,0.0,0.0,0.0,0.0,0.0,0.0,0.0,0.0,0.0,0.0,0.0,0.0,0.0,0.0,0.0,0.0,0.0,0.0,0.0,0.0,0.0,0.0,0.0,0.0,0.0,0.0,0.0,0.0,0.0,0.0,0.0,0.0,0.0066,0.0424,0.1651,0.4495,0.7336,0.9502,1.0014,0.9689,0.8625,0.7592,0.6133,0.5663,0.4758,0.4531,0.4791,0.6291,0.9597,1.5733,2.8922,4.7185,6.0745,6.6623,6.5551,6.0312,5.318,4.6592,4.244,3.9405,3.6697,3.3688,3.2455,3.1687,3.0538,2.9847,2.9847,2.8528,2.8878,2.9479,2.8301,2.9037,2.8753,2.9788,2.9496,3.0696,3.1563,3.2219,3.2922,3.4268,3.3479,3.4198,3.6136,3.511,3.8389,3.6983,3.792,3.9049,3.9538,3.9145,3.7538,3.803,3.8148,3.8789999999999996,3.8148,3.7542,3.8202,3.8206,3.8787,4.0126
L-methionine,0.0,0.0,0.0,0.0,0.0,0.0,0.0,0.0,0.0,0.0,0.0,0.0,0.0,0.0,0.0,0.0,0.0,0.0,0.0,0.0,0.0,0.0,0.0,0.0,0.0,0.0,0.0,0.0,0.0,0.0,0.0,0.0016,0.0267,0.1399,0.4445,0.8222,1.2507,1.4821,1.4581,1.3153,1.1702,0.9452,0.7479,0.5791,0.4981,0.4623,0.439,0.5054,0.7877,1.2168,2.1914,3.6833,4.7243,5.3553,5.4631,5.1868,4.6779,4.3845,3.9872,3.7788,3.6603,3.4612,3.4895,3.4984,3.3485,3.4445,3.3964,3.5809,3.5043,3.4598,3.5208,3.5010000000000003,3.5576,3.6426,3.5444,3.5435,3.5882,3.5713,3.6947,3.5969,3.5613,3.5671,3.5946,3.6089,3.6609,3.6946,3.5862,3.5472,3.6301,3.656,3.5417,3.4931,3.484,3.6145,3.484,3.5301,3.5264,3.5714,3.6216,3.6954
L-phenylalanine,0.0,0.0,0.0,0.0,0.0,0.0,0.0,0.0,0.0,0.0,0.0,0.0,0.0,0.0,0.0,0.0,0.0,0.0,0.0,0.0,0.0,0.0,0.0,0.0,0.0,0.0,0.0,0.0,0.0,0.0,0.0,0.0015,0.024,0.1191,0.3846,0.7859,1.1273,1.3459,1.3411,1.2793,1.1196,0.8572,0.7028,0.5796,0.4521,0.4488,0.3952,0.484,0.7408,1.2176,2.2116,3.4203,4.7788,5.5552,5.3512,5.2531,4.7627,4.4866,4.2119,4.2198,3.9212,3.8302,3.9304,3.8055,3.9401,3.7908,3.8068,3.6811,3.6927,3.7028,3.5549,3.5406,3.4366,3.4755,3.47,3.4579,3.3615,3.5028,3.4571,3.5302,3.5296,3.5062,3.4713,3.438,3.5644,3.5183,3.5361,3.4678,3.4334,3.3842,3.3794,3.4296,3.4795,3.3495,3.3716,3.3957,3.3604,3.5631,3.6309,3.6439999999999997
L-tryptophan,0.0,0.0,0.0,0.0,0.0,0.0,0.0,0.0,0.0,0.0,0.0,0.0,0.0,0.0,0.0,0.0,0.0,0.0,0.0,0.0,0.0,0.0,0.0,0.0,0.0,0.0,0.0,0.0,0.0,0.0,0.0,0.0015,0.0288,0.1347,0.4099,0.7674,1.1749,1.4196,1.4857,1.3915,1.2443,1.1091,0.9439,0.8386,0.7475,0.7349,0.7289,0.8488,1.0076,1.4027,2.2218,3.4,4.352,4.8671,4.7846,4.7181,4.2968,4.1273,3.9877,3.9015,3.9951,4.0795,4.0432,3.9615,3.9728,3.7489999999999997,3.6394,3.634,3.5348,3.5511,3.447,3.5181,3.4239,3.3748,3.3966,3.4431,3.428,3.5261,3.4785,3.5603,3.5593,3.4997,3.5175,3.5571,3.4936,3.5473,3.5077,3.4928,3.4737,3.3844,3.5291,3.4266,3.4194,3.5316,3.4564,3.471,3.475,3.5259,3.6109,3.6865
L-threonine,0.0,0.0,0.0,0.0,0.0,0.0,0.0,0.0,0.0,0.0,0.0,0.0,0.0,0.0,0.0,0.0,0.0,0.0,0.0,0.0,0.0,0.0,0.0,0.0,0.0,0.0,0.0,0.0,0.0,0.0,0.0,0.0011,0.0282,0.1091,0.4179,0.9121,1.5218,1.8997,2.0396,1.9434,1.6994,1.4406,1.1909,1.0558,0.8554,0.7481,0.6963,0.7306,0.8395,1.2182,2.0281,3.2816,4.5539,5.1585,5.4282,5.1157,4.6665,4.071000000000001,3.6634,3.3014,3.1166,2.8948,2.9071,2.7407,2.7883,2.7653,2.7127,2.8234,2.9319,2.9148,2.8851,3.0479,3.1345,3.1591,3.2432,3.3284,3.4043,3.4954,3.5125,3.6536,3.7051,3.7597,3.7743,3.8680000000000003,3.9841,3.9565,3.9646,3.9869,3.9756,4.0587,3.9739999999999998,3.95,3.9191,3.8372,3.8702,3.858,3.8181,3.8176,3.9530000000000003,3.8934
L-serine,0.0,0.0,0.0,0.0,0.0,0.0,0.0,0.0,0.0,0.0,0.0,0.0,0.0,0.0,0.0,0.0,0.0,0.0,0.0,0.0,0.0,0.0,0.0,0.0,0.0,0.0,0.0,0.0,0.0,0.0,0.0,0.0042,0.0279,0.1675,0.5732,1.1933,1.7918,2.1565,2.2347,2.02,1.8148,1.5257,1.2391,1.0185,0.8539,0.7848,0.665,0.6799,0.7854,1.1044,1.9983,3.2883,4.482,5.1084,5.0762,4.5617,4.0447,3.6169,3.0842,2.7994,2.5745,2.4290000000000003,2.4538,2.4736,2.4854,2.4621,2.5975,2.6305,2.7982,2.7275,2.8568,2.9792,3.0727,3.2445,3.2319999999999998,3.3855,3.4668,3.7322,3.6198,3.8761,3.9299,3.9358,4.1299,4.1021,4.2078,4.2316,4.3228,4.2232,4.2492,4.2529,4.1339,4.2369,4.0591,4.1395,3.9831,4.0159,4.0657,4.0471,3.9225,4.0126
L-cysteine,0.0,0.0,0.0,0.0,0.0,0.0,0.0,0.0,0.0,0.0,0.0,0.0,0.0,0.0,0.0,0.0,0.0,0.0,0.0,0.0,0.0,0.0,0.0,0.0,0.0,0.0,0.0,0.0,0.0,0.0,0.0,0.0019,0.0285,0.1877,0.491,0.9675,1.3938,1.8074,1.795,1.6926,1.5603,1.3072,1.1612,0.9911,0.8663,0.8125,0.7702,0.8324,0.9454,1.3315,2.1975,3.437,4.6389,5.0943,4.9243,4.2658,3.8026,3.4176,2.7995,2.6331,2.4798,2.4122,2.44,2.4333,2.5678,2.6871,2.8674,2.7727,3.0279,3.2075,3.3849,3.4662,3.4733,3.4903,3.7398,3.745,3.8074,3.8848,3.8835,3.9954,3.945,3.9636,4.0717,4.1214,4.128,4.1054,4.1728,4.1626,4.0234,3.9917,3.9834,3.9999,3.9792,3.9389,3.9162,3.8606,3.927,3.9636,3.8449,3.9801
L-glutamine,0.0,0.0,0.0,0.0,0.0,0.0,0.0,0.0,0.0,0.0,0.0,0.0,0.0,0.0,0.0,0.0,0.0,0.0,0.0,0.0,0.0,0.0,0.0,0.0,0.0,0.0,0.0,0.0,0.0,0.0,0.0,0.0025,0.023,0.1309,0.4456,0.8988,1.3539,1.6679,1.7325,1.7213,1.6559,1.4686,1.2582,1.1335,0.9508,0.9785,0.8562,0.9092,1.0969,1.3977,2.2857,3.7047,5.1497,5.7423,5.4943,5.0654,4.4731,3.7774,3.375,3.1703,3.0356,2.7608,2.7316,2.7781,2.7988,2.7846,2.8034,2.8416,2.8496,2.8952,2.8326,2.9648,3.0237,3.1415,3.2788,3.2835,3.361,3.5135,3.4622,3.5024,3.5393,3.6211,3.7611,3.7888,3.8317,3.8760000000000003,3.9893,3.9329,3.8891,3.8926,3.8745,3.8943,3.847,3.9243,3.8208,3.9069,3.9484,4.0888,3.9825,4.0271
L-glycine,0.0,0.0,0.0,0.0,0.0,0.0,0.0,0.0,0.0,0.0,0.0,0.0,0.0,0.0,0.0,0.0,0.0,0.0,0.0,0.0,0.0,0.0,0.0,0.0,0.0,0.0,0.0,0.0,0.0,0.0,0.0,0.0067,0.0582,0.3021,0.7745,1.3557,1.9563,2.0286,1.9885,1.754,1.4958,1.2396,0.9204,0.8375,0.6488,0.624,0.5548,0.5054,0.6867,1.1389,2.2218,3.9255,5.1582,5.3811,5.0428,4.3184,3.5898,3.0127,2.5541,2.2661,2.1685,2.0977,1.9369,2.0706,2.0037,2.0145,2.1812,2.2753,2.3957,2.4639,2.6984,2.7721,2.9127,3.0876,3.2753,3.3531,3.6009,3.7267,3.9948,4.1757,4.2811,4.3611,4.5104,4.5154,4.5815,4.5967,4.6835,4.6796,4.5962,4.7393,4.5466,4.5655,4.5136,4.3796,4.2132,4.309,4.1514,4.051,4.1458,4.0272
L-asparagine,0.0,0.0,0.0,0.0,0.0,0.0,0.0,0.0,0.0,0.0,0.0,0.0,0.0,0.0,0.0,0.0,0.0,0.0,0.0,0.0,0.0,0.0,0.0,0.0,0.0,0.0,0.0,0.0,0.0,0.0,0.0,0.0018,0.0196,0.138,0.4542,0.9192,1.3773,1.722,1.8575,1.8553,1.8177,1.5947,1.3793,1.2552,1.1351,1.0558,1.022,0.9799,1.0715,1.435,2.3102,3.4853,4.9453,5.3778,5.4313,4.7859,4.106,3.6229,3.0873,2.8802,2.6804,2.5879,2.6198,2.6123,2.5116,2.7072,2.6647,2.7753,2.8707,2.7773,2.9347,2.8663,2.9674,3.1479,3.2559,3.304,3.4437,3.4873,3.5766,3.5982,3.6969,3.8905,3.8291,3.847,3.9518,4.0183,4.0348,4.1278,3.9413,4.023,4.1054,3.9985,4.0258,3.9257,3.8774,3.9248,4.1249,4.1232,3.9739999999999998,4.0468
L-histidine,0.0,0.0,0.0,0.0,0.0,0.0,0.0,0.0,0.0,0.0,0.0,0.0,0.0,0.0,0.0,0.0,0.0,0.0,0.0,0.0,0.0,0.0,0.0,0.0,0.0,0.0,0.0,0.0,0.0,0.0,0.0,0.004,0.0229,0.1707,0.4902,0.9625,1.4706,1.7530000000000001,1.8051,1.7686,1.5323,1.3356,1.1203,1.0295,0.9459,0.9324,0.9714,1.0588,1.2043,1.4808,2.2393,3.4134,4.4206,4.8964,5.044,5.0518,4.6145,4.3355,3.8595,3.4011,3.1516,2.8228,2.7569,2.7582,2.6183,2.7347,2.7196,2.6461,2.8494,2.8710000000000004,2.9739,3.002,3.0767,3.1607,3.3369999999999997,3.3615,3.4396,3.412,3.5724,3.7202,3.6906,3.7123,3.7857,3.8772,3.8945,3.9627,3.9946,3.8492,3.9437,3.9166,3.9265,3.9187,3.7996,3.9142,3.9343,3.9111,3.8827,3.8597,3.9163,3.9899
L-lysine,0.0,0.0,0.0,0.0,0.0,0.0,0.0,0.0,0.0,0.0,0.0,0.0,0.0,0.0,0.0,0.0,0.0,0.0,0.0,0.0,0.0,0.0,0.0,0.0,0.0,0.0,0.0,0.0,0.0,0.0,0.0,0.0095,0.0751,0.376,1.0408,1.8434,2.4317,2.7809,2.4859999999999998,2.2081,1.9047,1.6453,1.3197,1.1377,0.8958,0.8664,0.9002,0.943,1.2119,1.6979,2.6334,3.8595,4.9062,5.2781,5.0188,4.6079,4.0947,3.5546,3.2067,2.8741,2.6860000000000004,2.5479,2.4906,2.4712,2.4284,2.4798,2.4314,2.5473,2.6179,2.6996,2.7230000000000003,2.7899,2.9021,3.0317,3.2188,3.2625,3.4039,3.6005,3.6706,3.6767,3.8458,3.9762,4.0197,4.0344,4.0681,4.003,3.9930000000000003,3.9807,3.9808,3.8806,3.957,3.665,3.6891,3.5816,3.7218,3.5989,3.5978,3.5973,3.6151,3.7057
L-arginine,0.0,0.0,0.0,0.0,0.0,0.0,0.0,0.0,0.0,0.0,0.0,0.0,0.0,0.0,0.0,0.0,0.0,0.0,0.0,0.0,0.0,0.0,0.0,0.0,0.0,0.0,0.0,0.0,0.0,0.0,0.0,0.0013,0.0247,0.1825,0.6727,1.4371,2.3442,2.9228,3.1187,2.753,2.4697,2.1021,1.6639,1.3287,1.0871,0.9123,0.8122,0.8562,1.0285,1.3749,2.1074,3.1639999999999997,4.0292,4.3232,4.3058,3.9158,3.5783,3.2867,2.9521,2.8469,2.7759,2.7617,2.7361,2.7396,2.7955,2.8311,2.9046,3.0005,3.0079,3.0095,3.1129,3.1517,3.2949,3.3306,3.3949,3.3897,3.6062,3.5836,3.6485,3.7661,3.793,3.9111,3.8219,3.8694,3.948,3.9591,3.9251,3.9291,3.8719,3.8622,3.7998,3.6663,3.7021,3.6749,3.5644,3.6251,3.615,3.5898,3.6753,3.7521
L-glutamate,0.0,0.0,0.0,0.0,0.0,0.0,0.0,0.0,0.0,0.0,0.0,0.0,0.0,0.0,0.0,0.0,0.0,0.0,0.0,0.0,0.0,0.0,0.0,0.0,0.0,0.0,0.0,0.0,0.0,0.0,0.0,0.0024,0.0156,0.0921,0.3482,0.6468,0.9402,1.1289,1.1637,1.1182,0.9411,0.7639,0.6249,0.5784,0.4408,0.4082,0.4059,0.4518,0.7033,1.6753,3.8793,6.5423,8.3464,8.3755,7.3765,5.6928,4.4466,3.6164,2.9648,2.4717,2.2643,2.166,2.0031,2.0106,1.9302,1.9998,1.9809,2.0882,2.1126,2.1206,2.2936,2.4259,2.5352,2.5965,2.7108,2.9149,3.0989,3.2877,3.387,3.5061,3.8557,3.7854,4.0079,4.1377,4.3296,4.3311,4.4159,4.545,4.4364,4.4688,4.4892,4.5202,4.3726,4.1855,4.2114,4.1122,4.1952,4.0959,3.9697,3.9395
L-aspartate,0.0,0.0,0.0,0.0,0.0,0.0,0.0,0.0,0.0,0.0,0.0,0.0,0.0,0.0,0.0,0.0,0.0,0.0,0.0,0.0,0.0,0.0,0.0,0.0,0.0,0.0,0.0,0.0,0.0,0.0,0.0,0.0018,0.0257,0.1278,0.3473,0.7998,1.1078,1.3496,1.4153,1.2943,1.1368,0.9302,0.8267,0.6727,0.6727,0.524,0.5104,0.5222,0.6995,1.6363,3.8106,6.492999999999999,8.1371,8.1841,7.1533,5.6225,4.2796,3.2532,2.5282,2.1161,1.7702,1.7047,1.5571,1.5936,1.6205,1.6253,1.7437,1.8188,1.8098,2.0152,2.1747,2.2606,2.3966,2.5540000000000003,2.7842,2.7682,3.0058,3.2873,3.4032,3.7251,3.8422,4.0132,4.2163,4.2747,4.4339,4.5544,4.6616,4.5663,4.7943,4.6917,4.7915,4.6882,4.667,4.4513,4.5304,4.2971,4.3638,4.185,4.1063,4.0733
Beta-alanine,0.0,0.0,0.0,0.0,0.0,0.0,0.0,0.0,0.0,0.0,0.0,0.0,0.0,0.0,0.0,0.0,0.0,0.0,0.0,0.0,0.0,0.0,0.0,0.0,0.0,0.0,0.0,0.0,0.0,0.0,0.0,0.0061,0.076,0.3554,0.8229,1.4429,1.7877,1.849,1.7129,1.4432,1.18,1.0512,0.8596,0.7187,0.6882,0.6212,0.5824,0.7024,1.0244,1.9380000000000002,3.8079,5.8518,6.8591,6.5257,5.4775,4.2835,3.3846,2.775,2.5233,2.2605,2.1982,2.0151,2.1491,1.9739,2.0984,2.147,2.0776,2.1911,2.3829,2.2896,2.5291,2.5938,2.7432,2.878,3.1328,3.1731,3.4046,3.5937,3.6522,3.7993,3.8772,4.1206,4.2952,4.3727,4.4313,4.3824,4.4852,4.4969,4.4164,4.5116,4.3857,4.2587,4.2525,4.2528,4.1097,3.9522,4.0659,3.9739999999999998,3.8089999999999997,3.9161
Betaine,0.0,0.0,0.0,0.0,0.0,0.0,0.0,0.0,0.0,0.0,0.0,0.0,0.0,0.0,0.0,0.0,0.0,0.0,0.0,0.0,0.0,0.0,0.0,0.0,0.0,0.0,0.0,0.0,0.0,0.0,0.0,0.0,0.0,0.0,0.0,0.0,0.0029,0.0057,0.0384,0.1538,0.3543,0.6335,1.0596,1.3197,1.6525,2.0491,2.2338,2.4379,2.4799,2.9504,3.8904,4.85,5.6957,5.7751,5.3432,4.7531,4.2616,3.8672,3.6392,3.4241,3.2716,3.2252,3.2788,3.0789,3.0682,2.9672,2.9295,2.9454,3.0219,2.97,2.9143,2.9619999999999997,2.9261,3.0492,3.0359,3.114,3.0844,3.1695,3.2755,3.2929,3.3085,3.3239,3.4102,3.4785,3.5514,3.6565,3.6586,3.6896,3.8153,3.7882,3.7728,3.7572,3.8267,3.8665,3.9729,4.0184,4.0091,4.1711,4.2173,4.2553
4-fluoro-DL-phenylalanine,0.0,0.0,0.0,0.0,0.0,0.0,0.0,0.0,0.0,0.0,0.0,0.0,0.0,0.0,0.0,0.0,0.0,0.0,0.0,0.0,0.0,0.0,0.0,0.0,0.0,0.0,0.0,0.0,0.0,0.0,0.0,0.0023,0.0147,0.1345,0.3603,0.8001,1.1631,1.3301,1.3974,1.2178,1.0957,0.852,0.708,0.5953,0.5464,0.5424,0.6284,0.757,1.0184,1.5163,2.3164,3.5839999999999996,4.5315,5.1157,5.0917,4.7961,4.4167,4.1248,4.0572,3.9008,3.9475,3.8092,3.9188,3.8852,3.7958,3.8164,3.8257,3.8446,3.6909,3.7388,3.6186,3.5177,3.6036,3.6866,3.5092,3.4323,3.4511,3.4071,3.4662,3.4644,3.5763,3.5847,3.569,3.5308,3.5869,3.5848,3.5024,3.4781,3.4614,3.4751,3.4614,3.391,3.4099,3.4815,3.4191,3.4005,3.4071,3.4806,3.5164,3.6378
4-chloro-L-phenylalanine,0.0,0.0,0.0,0.0,0.0,0.0,0.0,0.0,0.0,0.0,0.0,0.0,0.0,0.0,0.0,0.0,0.0,0.0,0.0,0.0,0.0,0.0,0.0,0.0,0.0028,0.0028,0.0177,0.0148,0.0276,0.0429,0.0539,0.0633,0.0924,0.2,0.441,0.7922,1.1402,1.4025,1.4131,1.3472,1.109,1.0243,0.8323,0.7912,0.7254,0.7244,0.8064,0.9984,1.2845,1.725,2.5538,3.6665,4.6248,5.0654,5.2137,4.7312,4.4198,4.1453,3.9305,3.6541,3.6963,3.5789,3.5195,3.5456,3.6722,3.6156,3.6457,3.6342,3.6547,3.6043,3.5547,3.4089,3.4958,3.4404,3.3652,3.3474,3.3264,3.4518,3.3815,3.4215,3.4042,3.364,3.4472,3.4439,3.4924,3.3576,3.4185,3.3923,3.385,3.3473,3.5027,3.5138,3.5016,3.603,3.528,3.6622,3.6597,3.6796,3.8772,3.9788
4-amino-L-phenylalanine,0.0,0.0,0.0,0.0,0.0,0.0,0.0,0.0,0.0,0.0,0.0,0.0,0.0,0.0,0.0,0.0,0.0,0.0,0.0,0.0,0.0,0.0,0.0,0.0,0.0,0.0,0.0,0.0,0.0,0.0,0.0,0.0015,0.0207,0.1252,0.3837,0.8059999999999999,1.2213,1.5267,1.6269999999999998,1.6134,1.5063,1.3672,1.1779,1.0175,0.8722,0.8321,0.7339,0.7769,0.9669,1.3373,2.1555,3.2752,4.4081,4.8452,5.1055,4.9163,4.7631,4.484,4.0946,3.8873,3.7246,3.5991,3.4893,3.3903,3.3286,3.463,3.3817,3.2760000000000002,3.2407,3.358,3.3694,3.2638,3.2787,3.3765,3.3668,3.4445,3.2954,3.4977,3.3784,3.4875,3.6275,3.5188,3.6046,3.5666,3.7029,3.6136,3.6318,3.6511,3.5917,3.5807,3.5094,3.5479,3.6034,3.531,3.5386,3.5391,3.582,3.6106,3.7931,3.7969999999999997
4-cyano-L-phenylalanine,0.0,0.0,0.0,0.0,0.0,0.0,0.0,0.0,0.0,0.0,0.0,0.0,0.0,0.0,0.0,0.0,0.0,0.0,0.0,0.0,0.0,0.0,0.0,0.0,0.0,0.0,0.0,0.0,0.0,0.0,0.0,0.0029,0.018000000000000002,0.1195,0.3876,0.7048,1.0906,1.2428,1.3187,1.1681,1.0251,0.7754,0.6781,0.536,0.4594,0.4142,0.3762,0.47200000000000003,0.6143,1.05,1.9207,3.0742,4.1602,4.8782,4.9977,4.6318,4.471,4.2954,3.948,3.9083,3.9302,3.8513,3.9087,4.0047,3.9793,4.0388,3.9517,3.9851,3.9639,3.8726,3.8202,3.8286,3.8397,3.7863,3.6776,3.6555,3.6207,3.5601,3.5659,3.6291,3.6364,3.5998,3.465,3.6166,3.6127,3.4789999999999996,3.6079,3.5599,3.4324,3.4987,3.5184,3.5401,3.4401,3.391,3.4491,3.4307,3.5717,3.5647,3.6333,3.7428
L-tert-leucine,0.0,0.0,0.0,0.0,0.0,0.0,0.0,0.0,0.0,0.0,0.0,0.0,0.0,0.0,0.0,0.0,0.0,0.0,0.0,0.0,0.0,0.0,0.0,0.0,0.0,0.0,0.0,0.0,0.0,0.0,0.0,0.0027,0.0161,0.08,0.258,0.5914,1.0105,1.2889,1.4227,1.4603,1.3554,1.0835,0.9169,0.7559999999999999,0.6331,0.5616,0.5758,0.6528,0.9229999999999999,1.4675,2.4105,3.7754,5.0563,5.6635,5.7338,5.3588,5.0468,4.6588,4.3225,4.1001,4.0906,3.8001,3.7582,3.5905,3.4276,3.5456,3.3559,3.2689,3.1861,3.4042,3.1917,3.1565,3.2335,3.2889,3.1460000000000004,3.2835,3.3027,3.3689999999999998,3.4624,3.378,3.4479,3.4567,3.5571,3.6063,3.4689,3.5217,3.5426,3.5556,3.5064,3.4693,3.4035,3.4844,3.5079,3.4766,3.4646,3.5054,3.5564,3.5995,3.6784,3.7674
N-methyl-L-alanine,0.0,0.0,0.0,0.0,0.0,0.0,0.0,0.0,0.0,0.0,0.0,0.0,0.0,0.0,0.0,0.0,0.0,0.0,0.0,0.0,0.0,0.0,0.0,0.0,0.0,0.0,0.0,0.0,0.0,0.0,0.0,0.0,0.0009,0.0124,0.0738,0.2535,0.5658,0.7977,1.0423,1.0792,1.0109,0.9638,0.7390000000000001,0.6407,0.4928,0.4894,0.45799999999999996,0.5292,0.7505,1.2509,2.1517,3.4275,4.8399,5.5784,5.6826,5.5166,5.1054,4.746,4.2401,4.1047,3.8526,3.6891,3.5763,3.5306,3.4939999999999998,3.46,3.3466,3.3666,3.273,3.3864,3.3110000000000004,3.2766,3.3238,3.3841,3.2817,3.3839,3.3639,3.4746,3.5023,3.4972,3.6863,3.6096,3.6579,3.6854,3.8008,3.6274,3.6281,3.7468,3.7964,3.7388,3.6798,3.7367,3.7037,3.7678,3.8132,3.6435,3.7876,3.7699,3.8555,3.9463
N-acetyl-L-phenylalanine,0.0,0.0,0.0,0.0,0.0,0.0,0.0,0.0,0.0,0.0,0.0,0.0,0.0,0.0,0.0,0.0,0.0,0.0,0.0,0.0,0.0,0.0,0.0,0.0,0.0,0.0,0.0,0.0,0.0,0.0,0.0,0.0,0.0,0.0137,0.0685,0.2025,0.3994,0.6149,0.7062,0.7575,0.7269,0.6411,0.5499,0.4489,0.4041,0.4063,0.3901,0.5411,0.8523,1.4172,2.3439,3.6633,4.921,5.8004,6.0934,5.792000000000001,5.5534,5.292999999999999,5.0809,4.8893,4.6999,4.6695,4.5978,4.4375,4.4467,4.3236,4.2067,4.16,3.9962,3.8878,3.815,3.7031,3.5635,3.5312,3.4194,3.2588,3.2951,3.1941,3.2092,3.1328,3.1965,3.1561,3.1625,3.0883,3.1336,3.0628,3.0902,3.198,3.1137,3.0624,3.1162,3.1402,3.1668,3.1092,3.2427,3.242,3.3028,3.2951,3.4599,3.5414
1-aminocyclohexane carboxylic acid,0.0,0.0,0.0,0.0,0.0,0.0,0.0,0.0,0.0,0.0,0.0,0.0,0.0,0.0,0.0,0.0,0.0,0.0,0.0,0.0,0.0,0.0,0.0,0.0,0.0,0.0,0.0,0.0,0.0,0.0,0.0,0.006999999999999999,0.0916,0.3652,0.96,1.5855,1.8032,1.7799,1.5277,1.2666,0.9357,0.6432,0.5018,0.3986,0.3107,0.2666,0.3299,0.4473,0.7305,1.3441,2.4377,3.8960000000000004,5.127999999999999,5.8007,5.8387,5.7287,5.212999999999999,4.9136,4.6765,4.4151,4.1274,3.9463,3.8926,3.7255,3.6182,3.5369,3.4216,3.3083,3.2260000000000004,3.1737,3.1311,3.1344,3.1743,3.1948,3.2242,3.2022,3.3021,3.2886,3.4449,3.2572,3.4612,3.4360000000000004,3.4599,3.3934,3.4794,3.4448,3.4017,3.4169,3.3394,3.3704,3.3025,3.2509,3.3154,3.2825,3.3191,3.3080000000000003,3.3961,3.4223,3.6732,3.8532
6-aminohexanoic acid,0.0,0.0,0.0,0.0,0.0,0.0,0.0,0.0,0.0,0.0,0.0,0.0,0.0,0.0,0.0,0.0,0.0,0.0,0.0,0.0,0.0,0.0,0.0,0.0,0.0,0.0,0.0,0.0,0.0,0.0,0.0,0.0033,0.057,0.266,0.7158,1.1435,1.4616,1.4764,1.3776,1.189,0.9681,0.8451,0.6641,0.5423,0.4942,0.4776,0.5245,0.6653,1.0833,2.0405,3.8735,5.7216,6.8723,6.6536,5.8918,5.1348,4.3784,3.8958,3.6864,3.4628,3.2743,3.2419,3.0272,2.9355,2.9464,2.8023,2.7813,2.8225,2.7765,2.7133,2.7578,2.7626,2.8231,2.8789999999999996,2.9942,3.0055,3.1384,3.2355,3.35,3.5288,3.5412,3.6204,3.6901,3.7619,3.8743,3.9201,3.8523,3.8826,3.8952,3.8055,3.7877,3.7997,3.6493,3.6769,3.5993,3.6985,3.5612,3.633,3.6180000000000003,3.7701
2-aminothiazole-4-carboxylic acid,0.0,0.0,0.0,0.0,0.0,0.0,0.0,0.0,0.0,0.0,0.0,0.0,0.0,0.0,0.0,0.0,0.0,0.0,0.0,0.0,0.0,0.0,0.0,0.0,0.0,0.0,0.0,0.0,0.0,0.0,0.0,0.0107,0.0707,0.3148,0.7531,1.1894,1.5767,1.6198,1.5386,1.3746,1.2728,1.1108,0.9779,1.0227,1.0616,1.0887,1.1557,1.2377,1.3512,1.7902,3.0934,4.5797,5.2966,5.1577,4.4004,3.4984,2.5741,2.1327,1.7971,1.5395,1.357,1.2702,1.3446,1.4406,1.5844,1.7498,1.9441,2.2611,2.4517,2.6189999999999998,2.807,3.1938,3.2528,3.5224,3.6743,3.7772,4.003,4.2348,4.3922,4.4665,4.705,4.7418,4.8517,5.0218,5.0066,4.9553,4.8307,4.9875,4.8756,4.8121,4.6176,4.4947,4.2981,4.2259,4.0965,3.9897,3.9751,3.8539999999999996,3.8935,3.8325
L-phenylalaninol,0.0,0.0,0.0,0.0,0.0,0.0,0.0,0.0,0.0,0.0,0.0,0.0,0.0,0.0,0.0,0.0,0.0,0.0,0.0,0.0,0.0,0.0,0.0,0.0,0.0,0.0,0.0,0.0,0.0,0.0,0.0,0.0023,0.0336,0.1818,0.5463,1.0712,1.6049,1.7901,1.7813,1.6544,1.3455,1.1444,0.8981,0.7828,0.6733,0.5595,0.5799,0.7315,1.0458,1.4873,1.9222,2.3991,3.0191,3.4346,3.8876,4.2832,4.3875,4.5171,4.5637,4.5161,4.4982,4.574,4.4396,4.3973,4.3682,4.4081,4.281000000000001,4.2711,4.1802,4.0896,4.1081,3.9742,3.8083,3.8119,3.6839999999999997,3.6893,3.6583,3.5612,3.5617,3.5438,3.4201,3.3189,3.3823,3.2486,3.2186,3.3132,3.2125,3.1018,3.1239,3.1905,3.0317,3.0765,3.0233,3.0602,3.0246,3.1117,3.1766,3.2867,3.3772,3.5486
L-alpha-phenylglycine,0.0,0.0,0.0,0.0,0.0,0.0,0.0,0.0,0.0,0.0,0.0,0.0,0.0,0.0,0.0,0.0,0.0,0.0,0.0,0.0,0.0,0.0,0.0,0.0,0.0,0.0,0.0,0.0,0.0,0.0,0.0,0.001,0.0299,0.1509,0.42100000000000004,0.9088,1.3231,1.5163,1.4745,1.3735,1.0798,0.8567,0.7226,0.5721,0.498,0.475,0.4152,0.498,0.6889,1.1256,1.9580000000000002,3.2857,4.6354,5.2581,5.2236,5.1597,4.659,4.2632,4.0182,3.8155,3.7309,3.627,3.5599,3.4867,3.5181,3.6827,3.5849,3.5418,3.6012,3.6033,3.5133,3.5355,3.5688,3.5929,3.6314,3.6372,3.6595,3.588,3.645,3.6677,3.7536,3.6211,3.8154,3.7368,3.7293,3.6282,3.6614,3.5981,3.6711,3.5801,3.4375,3.5587,3.4641,3.4621,3.4772,3.4134,3.3971,3.431,3.6294,3.5507
N-acetyl-L-alanine,0.0,0.0,0.0,0.0,0.0,0.0,0.0,0.0,0.0,0.0,0.0,0.0,0.0,0.0,0.0,0.0,0.0,0.0,0.0,0.0,0.0,0.0,0.0,0.0,0.0,0.0,0.0,0.0,0.0,0.0,0.0,0.0,0.0,0.0151,0.1088,0.2523,0.5634,0.8716,1.0436,1.0378,0.9857,0.8712,0.7025,0.5986,0.505,0.4399,0.4964,0.5482,0.7959,1.3494,2.1227,3.5255,4.8241,5.7381,6.0009,5.6747,5.3539,4.8801,4.5473,4.2466,4.0196,3.8905,3.7686,3.7687,3.5202,3.5784,3.4564,3.5195,3.4563,3.3812,3.3805,3.279,3.3307,3.3631,3.2959,3.2585,3.3786,3.2953,3.4054,3.4019999999999997,3.5611,3.5424,3.463,3.4958,3.5548,3.5801,3.6134,3.5574,3.5614,3.6386,3.5048,3.6421,3.592,3.5493,3.5481,3.6971,3.7182,3.6879,3.8662,3.778
L-alanine-L-phenylalanine dipeptide,0.0,0.0,0.0,0.0,0.0,0.0,0.0,0.0,0.0,0.0,0.0,0.0,0.0,0.0,0.0,0.0,0.0,0.0,0.0,0.0,0.0,0.0,0.0,0.0,0.0,0.0,0.0,0.0,0.0,0.0,0.0,0.0012,0.0348,0.1552,0.4589,0.9314,1.3556,1.6343,1.6648,1.6404,1.4262,1.285,1.0525,0.9704,0.8508,0.7937,0.8154,0.9334,1.2879,1.6671,2.5192,3.48,4.2893,4.8949,4.8606,4.8516,4.6524,4.5173,4.2794,4.1881,4.1519,4.0942,4.0592,4.0342,3.8747,3.8865,3.8844,3.7463,3.7274,3.7105,3.6106,3.6522,3.6635,3.5013,3.5155,3.4664,3.4166,3.4031,3.3489,3.4011,3.364,3.3387,3.3384,3.2745,3.3194,3.1946,3.2846,3.2472,3.1775,3.2067,3.054,3.1692,3.0937,3.1551,3.0587,3.0597,3.1464,3.1666,3.2666,3.4448
L-alanine-L-alanine dipeptide,0.0,0.0,0.0,0.0,0.0,0.0,0.0,0.0,0.0,0.0,0.0,0.0,0.0,0.0,0.0,0.0,0.0,0.0,0.0,0.0,0.0,0.0,0.0,0.0,0.0,0.0,0.0,0.0,0.0,0.0,0.0,0.003,0.0314,0.1876,0.6398,1.2055,1.8536,2.1603,2.2296,2.0321,1.8366,1.5589,1.3005,1.1365,0.9947,1.0071,0.9859,1.1325,1.3609,1.7994,2.4548,3.3175,4.1815,4.6394,4.7391,4.4405,4.1867,3.8861,3.6539,3.5592,3.32,3.2271,3.2268,3.2564,3.195,3.0782,3.158,3.0961,3.0877,3.134,3.21,3.2647,3.3145,3.3705,3.3504,3.3616,3.5564,3.4693,3.4936,3.6151,3.4967,3.6405,3.6835,3.7036,3.7185,3.6987,3.7217,3.6757,3.5949,3.5265,3.5186,3.5247,3.4292,3.5723,3.4567,3.4787,3.5321,3.5438,3.5610000000000004,3.6219
(L)-2-Aminobutyric acid,0.0,0.0,0.0,0.0,0.0,0.0,0.0,0.0,0.0,0.0,0.0,0.0,0.0,0.0,0.0,0.0,0.0,0.0,0.0,0.0,0.0,0.0,0.0,0.0,0.0,0.0,0.0,0.0,0.0,0.0,0.0,0.0009,0.0313,0.1547,0.449,0.9374,1.4034,1.6439,1.7084,1.5862,1.3478,1.1658,0.8962,0.7274,0.6194,0.5569,0.4962,0.5029,0.7849,1.2327,2.3080000000000003,3.9281,5.1186,5.716,5.6073,5.2913,4.6358,4.1189,3.8273,3.5307,3.3366,3.1584,3.0607,3.0439999999999996,2.9899,2.9643,2.952,2.9275,3.0472,3.0319,2.9786,3.1042,3.1405,3.2716,3.1994,3.4094,3.3511,3.5898,3.6318,3.543,3.7277,3.7905,3.8311,3.9236,3.8642,3.8556,3.8446,3.9939,3.745,3.8948,3.7437,3.8781,3.7067,3.6929,3.7092,3.6982,3.6553,3.7924,3.7415,3.8510000000000004
(S)-3-Aminobutyric acid,0.0,0.0,0.0,0.0,0.0,0.0,0.0,0.0,0.0,0.0,0.0,0.0,0.0,0.0,0.0,0.0,0.0,0.0,0.0,0.0,0.0,0.0,0.0,0.0,0.0,0.0,0.0,0.0,0.0,0.0,0.0,0.0021,0.0287,0.1569,0.4674,0.9972,1.4789,1.5323,1.6584,1.454,1.2534,1.0386,0.8802,0.7275,0.5946,0.5792,0.6106,0.7244,0.9957,1.9557,3.6772,5.6591,6.632000000000001,6.3409,5.5095,4.7452,3.9207,3.4881,3.0512,2.8563,2.7835,2.7355,2.7289999999999996,2.6651,2.6163,2.6648,2.734,2.7319999999999998,2.6536,2.7318,2.7609,2.9293,2.9246,2.9819,3.0504,3.1151,3.2962,3.2905,3.4077,3.5804,3.7297,3.8234,3.7529,3.9226,3.9232,4.0307,4.0354,4.1609,4.0402,4.1191,4.133,3.9812,3.843,3.9916,3.8356,3.8645,3.7834,3.8612,3.8709,3.8985
4-Aminobutyric acid,0.0,0.0,0.0,0.0,0.0,0.0,0.0,0.0,0.0,0.0,0.0,0.0,0.0,0.0,0.0,0.0,0.0,0.0,0.0,0.0,0.0,0.0,0.0,0.0,0.0,0.0,0.0,0.0,0.0,0.0,0.0009,0.0065,0.0704,0.2617,0.76,1.3262,1.6231,1.7104,1.5188,1.3198,1.0741,0.8792,0.75,0.6401,0.5601,0.5323,0.5607,0.7026,1.0505,1.9444,3.7024,5.8829,6.8351,6.5183,5.6146,4.6825,3.9701,3.3914,3.0375,2.6797,2.5980000000000003,2.4502,2.5076,2.4505,2.403,2.4184,2.4274,2.4695,2.4821,2.544,2.6504,2.7221,2.7991,2.9698,3.0587,3.0974,3.2384,3.3906,3.4707,3.7188,3.8117,3.8989,3.9609,4.1496,4.2732,4.2554,4.2219,4.2895,4.3247,4.1578,4.1325,4.063,3.9784,3.9536,3.9521,3.8528,3.8089999999999997,3.8405,3.7942,3.8066
4-Amino-3-hydroxybutyric acid,0.0,0.0,0.0,0.0,0.0,0.0,0.0,0.0,0.0,0.0,0.0,0.0,0.0,0.0,0.0,0.0,0.0,0.0,0.0,0.0,0.0,0.0,0.0,0.0,0.0,0.0,0.0,0.0,0.0,0.0,0.0009,0.0089,0.0822,0.33799999999999997,0.8138,1.4032,1.8449,2.0532,2.0346,1.7999,1.5376,1.296,1.0315,0.8509,0.8284,0.7399,0.7026,0.7563,1.0275,1.849,3.4210000000000003,5.1336,6.035,5.8998,5.0897,4.3634,3.6259,3.1694,2.7472,2.4519,2.3623,2.3518,2.334,2.2626,2.3523,2.3641,2.3496,2.4487,2.4822,2.5399,2.6298,2.6947,2.8888,2.9127,3.0738,3.1973,3.2676,3.4989999999999997,3.6192,3.7435,3.755,3.9183,4.1407,4.2423,4.1819,4.3069,4.3469999999999995,4.3663,4.3104,4.2854,4.2932,4.1699,4.0858,4.0932,4.013,3.9157,3.7601,3.7881,3.8748,3.8417
4-Amino-2-hydroxybutyric acid,0.0,0.0,0.0,0.0,0.0,0.0,0.0,0.0,0.0,0.0,0.0,0.0,0.0,0.0,0.0,0.0,0.0,0.0,0.0,0.0,0.0,0.0,0.0,0.0,0.0,0.0,0.0,0.0,0.0,0.0,0.0,0.0071,0.0583,0.2954,0.7672,1.3281,1.7654,1.8343,1.7845,1.6666,1.401,1.1943,1.0074,0.8857,0.7728,0.6826,0.7102,0.8665,1.1056,1.9433,3.5702,5.2170000000000005,6.1636,6.1606,5.393,4.516,3.7831,3.3024,2.9786,2.6586,2.5165,2.4366,2.4266,2.3442,2.3025,2.3095,2.4192,2.3887,2.4087,2.6223,2.6977,2.7809,2.8926,2.8712,3.0178,3.1745,3.2776,3.4360000000000004,3.6022,3.6903,3.9031,3.9494,3.9569,4.1512,4.2111,4.1392,4.2917,4.2761,4.2376,4.2239,4.1103,4.0464,3.9827,4.0041,3.8645,3.7998,3.8247,3.8788,3.8513,3.8616
"2-Methyl-1,3-thiazole-4-carboxylic acid",0.0,0.0,0.0,0.0,0.0,0.0,0.0,0.0,0.0,0.0,0.0,0.0,0.0,0.0,0.0,0.0,0.0,0.0,0.0,0.0,0.0,0.0,0.0,0.0,0.0,0.0,0.0,0.0,0.0,0.0,0.0,0.0,0.0,0.0,0.0,0.0,0.0,0.0,0.0009,0.0029,0.0122,0.0285,0.0617,0.11599999999999999,0.2001,0.2627,0.3313,0.4381,0.7722,1.4749,2.9264,4.6153,6.0035,5.9745,5.4765,4.712,4.3664,4.0699,3.8958,3.7009,3.5526,3.535,3.488,3.4652,3.5011,3.4428,3.3575,3.4328,3.5577,3.657,3.6856,3.7310000000000003,3.5329,3.6694,3.681,3.6609,3.7499,3.7105,3.6702,3.678,3.8469,3.8192,3.8986,3.8615,3.9530000000000003,4.0399,4.0306,3.8996,3.9702,4.0143,4.0579,4.0425,3.9589,3.9558,3.9187,3.9189999999999996,3.8795,4.0246,3.8465,3.8609
L-Aspartic acid 4-cyclohexyl ester,0.0,0.0,0.0,0.0,0.0,0.0,0.0,0.0,0.0,0.0,0.0,0.0,0.0,0.0,0.0,0.0,0.0,0.0,0.0,0.0,0.0,0.0,0.0,0.0,0.0,0.0,0.0,0.0,0.0,0.0,0.0,0.0027,0.0311,0.1667,0.3971,0.7509999999999999,1.0053,1.1111,1.0784,0.8975,0.8018,0.6904,0.5753,0.5329999999999999,0.4709,0.4643,0.5279,0.659,1.1542,2.0085,3.6533,5.4805,6.7328,6.8115,6.4831,5.8964,5.2253,4.9439,4.6209,4.2999,4.1429,3.859,3.7243,3.6293,3.5063,3.2917,3.3246,3.2422,3.0644,3.0353,2.9911,2.9638,2.9403,2.9649,2.859,3.0748,3.0305,3.0308,3.1306,3.1292,3.165,3.214,3.2772,3.2723,3.3326,3.3859,3.3504,3.4203,3.3924,3.324,3.426,3.4209,3.3691,3.4178,3.3482,3.3894,3.4532,3.5075,3.5549,3.5697
DL-Homoserine,0.0,0.0,0.0,0.0,0.0,0.0,0.0,0.0,0.0,0.0,0.0,0.0,0.0,0.0,0.0,0.0,0.0,0.0,0.0,0.0,0.0,0.0,0.0,0.0,0.0,0.0,0.0,0.0,0.0,0.0,0.0,0.001,0.019,0.1126,0.4705,0.8816,1.3717,1.62,1.7988,1.7111,1.4598,1.2497,1.0789,0.9507,0.7652,0.6913,0.7232,0.7697,0.9213,1.3258,2.3469,3.8024,5.0269,5.7171,5.6682,5.1767,4.5644,4.001,3.592,3.2397,3.0367,2.8641,2.8791,2.8346,2.7286,2.7946,2.8258,2.8595,2.7564,2.9185,2.9058,3.0471,3.0041,3.0951,3.1496,3.2359,3.33,3.4984,3.4162,3.4912,3.7205,3.7164,3.7227,3.9303,3.8182,3.9759,3.9561,3.9924,3.9833,3.9508,3.9028,3.9439,3.9706,3.9384,4.0894,3.8411,3.9002,3.9851,3.9021,4.0306
trans-3-Aminocyclohexanecarboxylic acid hydrochloride,0.0,0.0,0.0,0.0,0.0,0.0,0.0,0.0,0.0,0.0,0.0,0.0,0.0,0.0,0.0,0.0,0.0,0.0,0.0,0.0,0.0,0.0,0.0,0.0,0.0,0.0,0.0,0.0,0.0,0.0,0.0,0.0018,0.0292,0.1085,0.4075,0.7678,1.1609,1.4149,1.4302,1.376,1.2085,0.9798,0.8059,0.7063,0.5804,0.4935,0.5158,0.6266,0.966,1.9294,3.5860000000000003,5.4596,6.6501,6.6843,6.0654,5.1739,4.7441,4.1431,3.8225,3.7093,3.4677,3.3435,3.2076,3.1577,3.0286,3.0626,2.9658,2.9098,2.9288,2.9619,2.9127,2.967,2.9014,2.8975,3.0447,3.0948,3.1113,3.1738,3.1983,3.3584,3.3988,3.4981,3.5127,3.5575,3.6471,3.6523,3.728,3.7855,3.6722,3.7599,3.7109,3.6161,3.7238,3.568,3.5747,3.6067,3.6264,3.6094,3.7717,3.7389
(R)-3-Amino-3-phenylpropionic acid,0.0,0.0,0.0,0.0,0.0,0.0,0.0,0.0,0.0,0.0,0.0,0.0,0.0,0.0,0.0,0.0,0.0,0.0,0.0,0.0,0.0,0.0,0.0,0.0,0.0,0.0,0.0,0.0,0.0,0.0,0.0,0.0024,0.0268,0.16,0.47200000000000003,0.8814,1.2637,1.3761,1.3809,1.2751,1.0121,0.7745,0.6503,0.5176,0.4656,0.4169,0.4401,0.5529,0.9031,1.6728,3.215,4.9239,5.949,6.0042,5.4567,4.7884,4.2023,4.0259,3.7832,3.6123,3.6085,3.5463,3.5317,3.4904,3.4351,3.5034,3.5191,3.4616,3.3557,3.3878,3.4511,3.3735,3.3808,3.3618,3.3963,3.3578,3.4673,3.3804,3.4062,3.5127,3.5644,3.5217,3.5660000000000003,3.6237,3.5734,3.6172,3.6299,3.6097,3.5773,3.6208,3.5132,3.4429,3.4348,3.4017,3.4943,3.4721,3.447,3.5691,3.5072,3.6804
Phenyl carbamate,0.0,0.0,0.0,0.0,0.0,0.0,0.0,0.0,0.0,0.0,0.0,0.0,0.0,0.0,0.0,0.0,0.0,0.0,0.0,0.0,0.0,0.0,0.0,0.0,0.0,0.0,0.0,0.0,0.0,0.0,0.0,0.0,0.0009,0.0008,0.0239,0.0918,0.2047,0.3496,0.46399999999999997,0.5859,0.6306,0.6475,0.599,0.5993,0.5439,0.5007,0.5417,0.6086,0.7938,1.1119,1.6141,2.2051,3.0633,3.7336,4.1981,4.4689,4.5984,4.5911,4.6666,4.668,4.7248,4.7622,4.7856,4.7619,4.9007,4.8961,4.7608,4.7519,4.7039,4.4902,4.5,4.3769,4.26,4.0622,4.082,3.8819999999999997,3.7806,3.5775,3.5591,3.4652,3.4073,3.3494,3.3049,3.3614,3.1834,3.2612,3.2193,3.1710000000000003,3.2303,3.2126,3.1094,3.2745,3.2271,3.22,3.4226,3.3567,3.4842,3.5265,3.6898,3.7985
"3,4-Dihydroxy-L-phenylalanine",0.0,0.0,0.0,0.0,0.0,0.0,0.0,0.0,0.0,0.0,0.0,0.0,0.0,0.0,0.0,0.0,0.0,0.0,0.0,0.0,0.0,0.0,0.0,0.0,0.0,0.0,0.0,0.0,0.0,0.0,0.0,0.0015,0.0277,0.1449,0.489,0.9657,1.4978,1.8335,1.9474,1.8072,1.5585,1.2925,1.145,0.9664,0.7961,0.6916,0.6787,0.6492,0.8093,1.1373,1.9225,3.0024,4.0839,4.4363,4.6813,4.4706,4.2777,3.9932,3.8085,3.6252,3.4706,3.4637,3.4804,3.4672,3.4419,3.5275,3.4393,3.5574,3.6277,3.5356,3.4765,3.5789,3.4552,3.5569,3.5588,3.4698,3.6180000000000003,3.638,3.6495,3.5799,3.6487,3.6455,3.6631,3.6795,3.6601,3.6843,3.6098,3.6678,3.7189,3.5596,3.5969,3.4787,3.5904,3.6685,3.491,3.5913,3.5161,3.6463,3.7381,3.8117
"1,3-Thiazole-2-carboxylic acid",0.0,0.0,0.0,0.0,0.0,0.0,0.0,0.0,0.0,0.0,0.0,0.0,0.0,0.0,0.0,0.0,0.0,0.0,0.0,0.0,0.0,0.0,0.0,0.0,0.0,0.0,0.0,0.0,0.0,0.0,0.0,0.0,0.0,0.0,0.0,0.0,0.0,0.0,0.0,0.0032,0.0126,0.0409,0.0829,0.1827,0.2875,0.4067,0.5168,0.6889,0.91,1.6314,3.3489,5.3593,6.5343,6.282,5.3898,4.4983,3.5997,3.0401,2.5716,2.5479,2.4562,2.5177,2.3934,2.654,2.7041,2.8096,3.1498,3.3594,3.4473,3.6333,3.6472,3.7068,3.7541,3.9104,3.8364,3.9333,3.8684,4.0031,3.9936,4.062,4.1371,4.1984,4.2552,4.3036,4.3463,4.2983,4.3693,4.3159,4.3089,4.3763,4.3241,4.4361,4.0131,4.3068,4.1208,4.0163,3.9525,4.0485,3.9727,4.1238
"2-Methyl-4-phenyl-1,3-thiazole-5-carboxylic acid",0.0,0.0,0.0,0.0,0.0,0.0,0.0,0.0,0.0,0.0,0.0,0.0,0.0,0.0,0.0,0.0,0.0,0.0,0.0,0.0,0.0,0.0,0.0,0.0,0.0,0.0,0.0,0.0,0.0,0.0,0.0,0.0,0.0,0.0,0.0,0.0,0.0,0.0,0.0,0.0,0.0,0.0,0.0,0.0,0.0035,0.0206,0.0838,0.2192,0.5104,1.1996,2.5883,4.3233,5.4163,5.8822,5.7825,5.5829,5.352,5.1065,4.9624,4.731,4.4865,4.5238,4.4436,4.3311,4.4259,4.3567,4.3194,4.3104,4.198,4.2330000000000005,4.0932,4.0059,3.8638,3.7794,3.7554,3.6841,3.6505,3.6047,3.4887,3.5035,3.4622,3.4391,3.4873,3.4609,3.4756,3.4227,3.38,3.3603,3.3142,3.375,3.362,3.2829,3.2099,3.2246,3.2673,3.2336,3.2736,3.2856,3.3789999999999996,3.4823
"Imidazo[2,1-b][1,3]thiazole-6-carboxylic acid",0.0,0.0,0.0,0.0,0.0,0.0,0.0,0.0,0.0,0.0,0.0,0.0,0.0,0.0,0.0,0.0,0.0,0.0,0.0,0.0,0.0,0.0,0.0,0.0,0.0,0.0,0.0,0.0,0.0,0.0,0.0,0.0,0.0,0.0,0.0,0.0,0.0,0.0,0.0009,0.0026,0.0126,0.0523,0.1361,0.2308,0.3946,0.6182,0.7392,0.8955,1.2169,1.7917,3.1834,4.6719,5.604,5.6193,4.8233,4.1326,3.7554,3.6379,3.4695,3.3811,3.2008,3.1135,3.0819,2.9565,2.9118,2.8936,3.0837,3.0742,3.2562,3.2717,3.5452,3.4411,3.6853,3.5599,3.7961,3.8623,3.7645,3.8254,3.9019999999999997,3.8281,3.9401,4.1182,4.1645,4.1565,4.3469,4.3479,4.2535,4.2643,4.2876,4.4327,4.23,4.2949,4.2079,4.1451,4.1407,4.0696,3.9969,4.043,4.0793,4.0568
3-Chloro-L-phenylalanine,0.0,0.0,0.0,0.0,0.0,0.0,0.0,0.0,0.0,0.0,0.0,0.0,0.0,0.0,0.0,0.0,0.0,0.0,0.0,0.0,0.0,0.0,0.0,0.0,0.0014,0.0077,0.006999999999999999,0.0146,0.0373,0.055999999999999994,0.0587,0.0686,0.096,0.1988,0.4432,0.8199,1.1959,1.3787,1.3806,1.3161,1.1247,1.0057,0.8681,0.7752,0.7192,0.7496,0.769,1.0773,1.2638,1.6688,2.456,3.6586,4.6579,5.072,5.0274,4.6916,4.3976,4.1441,3.7527,3.6635,3.6065,3.6531,3.5971,3.6548,3.6349,3.6536,3.7302,3.6079,3.5725,3.5733,3.5166,3.4573,3.5121,3.4767,3.443,3.4010000000000002,3.4074,3.3960000000000004,3.3636,3.4275,3.3083,3.4614,3.4291,3.4457,3.4847,3.492,3.5383,3.4885,3.4324,3.4445,3.4427,3.5737,3.5701,3.5944,3.536,3.4992,3.5788,3.6434,3.8276,3.9004
"2-n-Butylpropane-1,3-diol",0.0,0.0,0.0,0.0,0.0,0.0,0.0,0.0,0.0,0.0,0.0,0.0,0.0,0.0,0.0,0.0,0.0,0.0,0.0,0.0,0.0,0.0,0.0,0.0,0.0,0.0,0.0,0.0,0.0,0.0,0.0,0.0,0.0048,0.0364,0.1285,0.3436,0.5367,0.7527,0.7275,0.7402,0.669,0.6048,0.5366,0.4046,0.3262,0.2997,0.3551,0.5707,0.8995,1.4247,2.1191,2.8733,3.7739999999999996,4.8964,5.6577,6.1159,6.1241,5.997000000000001,5.7565,5.5573,5.3287,5.0813,4.9911,4.6426,4.6338,4.3716,4.2786,4.1121,3.9745,3.9525,3.6037,3.5213,3.4663,3.4433,3.3047,3.2159,3.1653,3.1908,3.1889,3.0382,3.0038,3.0084,3.0395,2.9813,3.0424,2.9972,2.9584,2.9565,3.0266,3.0037,3.1276,3.0394,3.1015,3.0836,3.2105,3.2933,3.4741,3.4791,3.5968,3.8382
"2-tert-Butylpropane-1,3-diol",0.0,0.0,0.0,0.0,0.0,0.0,0.0,0.0,0.0,0.0,0.0,0.0,0.0,0.0,0.0,0.0,0.0,0.0,0.0,0.0,0.0,0.0,0.0,0.0,0.0,0.0,0.0,0.0,0.0,0.0,0.0,0.0,0.0081,0.0344,0.1327,0.301,0.5272,0.7371,0.7624,0.6918,0.7347,0.6023,0.5019,0.3913,0.3446,0.3231,0.3631,0.5799,0.9022,1.4097,2.1366,2.8383,3.7954,4.8914,5.5387,6.0569,6.1762,6.0924,5.7436,5.6248,5.3446,5.0836,4.9491,4.6819,4.5021,4.3138,4.2472,4.1703,4.0616,3.9177,3.6934,3.6304,3.4531,3.5305,3.3852,3.3786,3.259,3.1894,3.1339,3.1222,3.0587,3.1005,2.9249,3.0353,2.9651,2.946,2.9443,2.9415,2.9086,2.9872,2.9414,3.0015,3.1411,3.1543,3.1931,3.2428,3.3946,3.4226,3.6058,3.801
3-Aminoisonicotinic acid,0.0,0.0,0.0,0.0,0.0,0.0,0.0,0.0,0.0,0.0,0.0,0.0,0.0,0.0,0.0,0.0,0.0,0.0,0.0,0.0,0.0,0.0,0.0,0.0,0.0,0.0,0.0,0.0,0.0,0.0,0.0,0.0,0.0,0.0,0.0106,0.0469,0.11199999999999999,0.1911,0.2509,0.3209,0.3615,0.3284,0.3369,0.37,0.4142,0.4671,0.5757,0.7390000000000001,1.0081,1.8428,3.4438,5.0682,6.1348,6.0619,5.7786,5.3224,4.8366,4.2559,3.7838,3.4632,3.2159,2.9605,2.8421,2.7826,2.8382,2.7883,2.8268,2.8906,2.9222,3.0189,3.0678,3.1618,3.3515,3.2778,3.3843,3.3756,3.5271,3.6619,3.6882,3.7523,3.8522,3.9178,3.9321,4.0322,4.19,4.1478,4.0986,4.1915,4.0651,4.0369,4.2612,4.0279,4.1632,4.0888,4.087,3.9302,3.8755,4.0777,4.0611,4.1033
1-Cyclohexyl-1-butanol,0.0,0.0,0.0,0.0,0.0,0.0,0.0,0.0,0.0,0.0,0.0,0.0,0.0,0.0,0.0,0.0,0.0,0.0,0.0,0.0,0.0,0.0,0.0,0.0,0.0,0.0,0.0,0.0,0.0,0.0,0.0,0.0,0.0015,0.0022,0.0273,0.0884,0.1528,0.1938,0.2686,0.2898,0.2576,0.2871,0.2474,0.2027,0.2071,0.2064,0.2996,0.5161,0.9294,1.6334,2.46,3.4966,4.5889,5.3645,6.3094,6.6571,6.7496,6.8525,6.5368,6.5095,6.2419,6.1025,5.7316,5.5823,5.166,4.9624,4.7484,4.3797,4.2285,4.0397,3.7721,3.6973,3.4109,3.2959,3.1853,3.0603,3.0474,2.8747,2.8401,2.8186,2.5439,2.6503,2.577,2.5337,2.553,2.4948,2.5776,2.5369,2.5138,2.5679,2.6496,2.6734,2.6699,2.6568,2.8812,2.8965,3.0627,3.2902,3.4909,3.6579
"2-n-Pentylpropane-1,3-diol",0.0,0.0,0.0,0.0,0.0,0.0,0.0,0.0,0.0,0.0,0.0,0.0,0.0,0.0,0.0,0.0,0.0,0.0,0.0,0.0,0.0,0.0,0.0,0.0,0.0,0.0,0.0,0.0,0.0,0.0,0.0,0.0007,0.0015,0.0265,0.1072,0.267,0.4693,0.6485,0.7383,0.6936,0.6044,0.5406,0.449,0.3669,0.3175,0.3153,0.3582,0.5841,0.9253,1.5229,2.248,3.0412,3.9036,4.8906,5.8534,6.1803,6.3187,6.2777,6.0331,5.7704,5.4859,5.3642,5.0909,4.8441,4.6511,4.4795,4.2353,4.157,3.9991,3.7751,3.7081,3.6315,3.4109,3.3219,3.2965,3.1587,3.175,3.0849,3.0798,2.9622,2.9106,2.9039,2.892,2.8974,2.8201,2.8553,2.9010000000000002,2.9608,2.9647,2.9148,2.9082,3.0897,3.0826,3.0258,3.0617,3.2523,3.4044,3.3284,3.5649,3.8955
Ethyl 2-aminooxazole-4-carboxylate,0.0,0.0,0.0,0.0,0.0,0.0,0.0,0.0,0.0,0.0,0.0,0.0,0.0,0.0,0.0,0.0,0.0,0.0,0.0,0.0,0.0,0.0,0.0,0.0,0.0,0.0,0.0,0.0,0.0,0.0,0.0,0.0,0.0,0.0,0.0,0.0,0.0008,0.0116,0.0596,0.1472,0.3033,0.4152,0.5584,0.7089,0.7681,0.8420000000000001,0.9622,1.0762,1.2877,1.4968,1.8967,2.2451,2.7541,3.1579,3.7116,4.4412,5.0808,5.4956,5.7109,5.6968,5.678999999999999,5.534,5.1706,5.1814,4.9315,4.7746,4.4389,4.5086,4.2963,4.2932,4.1121,4.0076,3.9238,3.7588,3.708,3.6469,3.5402,3.4495,3.4001,3.4328,3.2624,3.1662,3.1283,3.1831,3.0684,3.1335,3.0746,3.0314,3.1027,3.0953,3.0226,3.0952,3.1929,3.2887,3.346,3.355,3.488,3.6660000000000004,3.7168,3.966
5-Aminopyridine-2-carboxylic acid,0.0,0.0,0.0,0.0,0.0,0.0,0.0,0.0,0.0,0.0,0.0,0.0,0.0,0.0,0.0,0.0,0.0,0.0,0.0,0.0,0.0,0.0,0.0,0.0,0.0,0.0,0.0,0.0,0.0,0.0,0.0,0.0,0.0,0.0054,0.0234,0.0846,0.2211,0.3805,0.511,0.6415,0.687,0.7163,0.6668,0.6318,0.5695,0.5709,0.56,0.6793,0.8721,1.5887,3.2025,5.1342,6.2057,6.2788,5.3795,4.7527,4.3873,3.9960000000000004,3.5997,3.4252,3.2851,3.1883,3.2371,3.0695,3.0706,3.0792,3.0252,3.1337,3.0706,3.1253,3.1614,3.1901,3.1412,3.2817,3.2871,3.3452,3.4737,3.5325,3.5651,3.574,3.7709,3.7637,3.9339,4.0147,3.9594,4.0676,3.923,4.0522,3.9212,4.1048,4.0355,3.9560000000000004,3.9888,4.0395,4.1173,3.8674,3.9419999999999997,4.0689,3.8593,4.0054
4-Aminopyridine-2-carboxylic acid,0.0,0.0,0.0,0.0,0.0,0.0,0.0,0.0,0.0,0.0,0.0,0.0,0.0,0.0,0.0,0.0,0.0,0.0,0.0,0.0,0.0,0.0,0.0,0.0,0.0,0.0,0.0,0.0,0.0,0.0,0.0,0.0,0.0124,0.0731,0.2495,0.4937,0.7927,0.9936,1.1371,1.1388,1.1903,1.2528,1.3673,1.4884,1.5717,1.6326,1.6893,1.6776,1.8155,2.3204,3.4057,4.6394,5.149,4.8967,4.3302,3.7409,3.3989,2.9291,2.5964,2.47,2.3316,2.3061,2.3159,2.3008,2.4436,2.513,2.5497,2.6529,2.6689,2.6647,2.8793,2.9292,2.9766,3.029,3.1312,3.2824,3.3991,3.5122,3.6045,3.7363,3.8111,4.065,3.8714,4.2438,4.2587,4.3156,4.2415,4.3865,4.4665,4.3237,4.3839,4.3936,4.3006,4.2498,4.2547,4.2289,4.2144,4.151,4.0974,4.0612
3-(3-Pyridyl)-L-alanine,0.0,0.0,0.0,0.0,0.0,0.0,0.0,0.0,0.0,0.0,0.0,0.0,0.0,0.0,0.0,0.0,0.0,0.0,0.0,0.0,0.0,0.0,0.0,0.0,0.0,0.0,0.0,0.0,0.0,0.0,0.0008,0.0007,0.0203,0.158,0.435,0.823,1.2224,1.3784,1.3827,1.2683,1.0981,0.8589,0.7093,0.6103,0.5124,0.5291,0.6184,0.7733,1.006,1.4982,2.345,3.7129,4.8999,5.5641,5.8119,5.3844,4.9932,4.4217,4.0664,3.7646,3.5412,3.3101,3.3013,3.1613,3.1675,3.1397,3.1603,3.2089999999999996,3.0914,3.1681,3.2087,3.2597,3.2225,3.3833,3.3036,3.4108,3.3960000000000004,3.4704,3.5351,3.6338,3.6219,3.6594,3.67,3.6608,3.7932,3.6991,3.7804,3.6736,3.7898,3.7444,3.6781,3.6132,3.6575,3.6418,3.6817,3.6602,3.6516,3.7510000000000003,3.8519,3.7785
4-Amino-N-Boc-L-phenylalanine,0.0,0.0,0.0,0.0,0.0,0.0,0.0,0.0,0.0,0.0,0.0,0.0,0.0,0.0,0.0,0.0,0.0,0.0,0.0,0.0,0.0,0.0,0.0,0.0,0.0,0.0,0.0,0.0,0.0,0.0,0.0,0.0,0.0,0.0017,0.0238,0.1044,0.2194,0.3715,0.5179,0.6018,0.6417,0.6517,0.6003,0.5152,0.4891,0.4635,0.4978,0.6807,0.9988,1.8522,3.2199,4.9529,6.1996,6.5362,6.3322,6.1323,5.9321,5.5566,5.3527,4.9362,4.8868,4.6871,4.4879,4.3398,4.2155,4.0746,3.9831,3.7898,3.5982,3.4857,3.3874,3.2753,3.2381,3.1949,3.1014,3.0171,2.9754,2.9697,2.9062,3.0031,2.9624,2.9964,2.9763,2.9862,3.0,3.0248,3.0917,3.1272,3.1448,3.1226,3.2142,3.085,3.0832,3.1882,3.1458,3.2310000000000003,3.3458,3.3173,3.4002,3.5574
4-Aminobenzoic acid,0.0,0.0,0.0,0.0,0.0,0.0,0.0,0.0,0.0,0.0,0.0,0.0,0.0,0.0,0.0,0.0,0.0,0.0,0.0,0.0,0.0,0.0,0.0,0.0,0.0,0.0,0.0,0.0,0.0,0.0,0.0,0.0,0.0,0.0053,0.0152,0.0774,0.1864,0.315,0.466,0.5201,0.6392,0.6659999999999999,0.6045,0.5639,0.5095,0.4846,0.5037,0.5966,0.7994,1.5749,3.2854,4.9841,6.1549,6.0224,5.3244,4.7102,4.178999999999999,3.8877,3.6506,3.4381,3.3689999999999998,3.2427,3.3955,3.3246,3.3355,3.3892,3.4043,3.3089,3.3361,3.2458,3.3329,3.3144,3.2654,3.3269,3.3207,3.4285,3.3802,3.431,3.589,3.7051,3.7215,3.7652,3.7959,3.9463,4.0435,3.977,3.8386,4.0121,4.0702,3.9844,3.9792,3.9705,4.003,3.8647,3.9010000000000002,3.8738,3.8249,3.8549,4.0316,3.9313
