Name,0.2,0.25,0.3,0.35,0.4,0.45,0.5,MinSolv_1,MinSolv_2,Hbonds
4-Methoxyphenyl ß-D-galactopyranoside,0.006627150833652065,0.01747838231380833,0.08079796315657357,0.14136559508428706,0.19017287491365079,0.2364504895067943,0.27988983490498903,0.012112623418470725,0.22986341080425987,0.031050156421665438
4-Methoxyphenyl ß-D-glucopyranoside,0.005803331257612942,0.016938497907894697,0.07849533214685009,0.13748940531697854,0.1858987313040663,0.2314585342445435,0.2772545634279872,0.011884134845157735,0.22383505804433546,0.030401887163010156
4-Methoxyphenyl α-D-galactopyranoside,0.0073027649528866305,0.017331299819395733,0.079159097715155,0.13869787300880446,0.18733787498620702,0.2313584156929172,0.2765671632386461,0.0123975515838881,0.22113456947403395,0.0300878793070829
4-Methoxyphenyl α-D-glucopyranoside,0.006243347477193081,0.015850872455138002,0.07933128546759063,0.13985248548829318,0.18791886848801773,0.2325933122360275,0.27829147851832725,0.010828281866059714,0.22223576807946632,0.027193131874798347
4-Bromophenyl ß-D-glucopyranoside,0.009845104769710627,0.021837973707270496,0.07480673090736889,0.1332338177279396,0.18401927089514733,0.22787303855926677,0.27378237520712445,0.01503034251019868,0.21644307040121835,0.025607831144976195
4-Chlorophenyl β-D-glucopyranoside,0.00858623005742234,0.021423028522863315,0.07857056442445715,0.13605681889233742,0.18626223099998382,0.23003248730213005,0.27611709980322585,0.014201111222882814,0.21314547246330798,0.025969635419443384
4-Fluorophenyl ß-D-glucopyranoside,0.007112636801874203,0.018100652722482763,0.07220624716146716,0.13282112077883518,0.1830908765528738,0.22528061783538164,0.2710710959971239,0.012195520026332857,0.2195483711436617,0.02758730882835095
4-Hydroxyphenyl ß-D-glucopyranoside,0.009675017673517462,0.02040909365945217,0.07376330169603404,0.12987647520725962,0.18033063471695662,0.226623471304337,0.27263596115052235,0.016506649948621336,0.2199646339294327,0.033822113790379034
4-Methylphenyl ß-D-glucopyranoside,0.006677948535482928,0.017006216887074002,0.08097904047736705,0.1444194405001628,0.19258526341023874,0.23476082975772017,0.27934567085060197,0.012088206340168552,0.22845052935938642,0.028194976605284413
Phenyl ß-D-glucopyranoside,0.007532602679875085,0.017709508524810298,0.07499665982191744,0.13619594354466236,0.1857136973497206,0.22792455954907456,0.2727337874428271,0.013125005636091975,0.22095967030400762,0.025900106055393876
4-(Methoxycarbonyl)phenyl ß-D-glucopyranoside,0.005101227644511624,0.014205635013105265,0.07621275002329952,0.1370067624569853,0.18509907683673504,0.23054622117798293,0.27464651007280955,0.0099445206945829,0.2192043027396239,0.026903778644427577
4-Trifluoromethylphenyl ß-D-glucopyranoside,0.007171341270126926,0.015115901523461827,0.06696045621522818,0.12729477268110506,0.1756533591913416,0.21950466507028055,0.26293863839400844,0.01168258364690373,0.2135665679811239,0.023951381538277302
4-Nitrophenyl ß-D-glucopyranoside,0.006796824188839951,0.015106328042905882,0.06668696414186756,0.1288846832406935,0.1777488058563016,0.2189088012142964,0.260697930971972,0.011409488529631482,0.2173977895826973,0.02572110584572759
4-Bromophenyl ß-D-galactopyranoside,0.010159406905076081,0.02298514078420759,0.07709640769113954,0.13391394959491254,0.18438075307603627,0.22599437124403413,0.27168980680808147,0.01606508037075154,0.21530749613923195,0.02586030602210272
4-Chlorophenyl ß-D-galactopyranoside,0.009282964129144956,0.02281071691913763,0.078557264151878,0.1366412608328405,0.1862677229557968,0.22834302938276077,0.273064656961495,0.015181356037007482,0.21889654122954638,0.026027674726635266
4-Fluorophenyl β-D-galactopyranoside,0.007358431311348061,0.018295751525505766,0.07405643969638602,0.13399187332452367,0.18203752642068835,0.22095242471193724,0.26526453924062904,0.0120524473843835,0.2151813305640564,0.026857440866237193
4-Hydroxyphenyl ß-D-galactopyranoside,0.009670667340371463,0.02104445208379419,0.07469493247834415,0.13068319408458673,0.1789803959221449,0.22472806519270275,0.2704788096623425,0.016759283541895285,0.22273501508660093,0.0321543770436342
4-Methylphenyl β-D-galactopyranoside,0.0069253374197625625,0.01810690993701579,0.08030877373437302,0.1403034121366441,0.1912751845699879,0.2348276729787436,0.2814504586188904,0.012904884540748863,0.22798859168327026,0.028514859431327814
Phenyl β-D-galactopyranoside,0.007403852873005427,0.016876473670246372,0.07439624648797255,0.1311198854511667,0.18279424307307882,0.22634385938669588,0.26994000429626913,0.012647511867945348,0.22414159244298837,0.027364170771762623
Methyl 4-(β-D-galactopyranosyloxy)benzoate,0.005567918130131038,0.015826074977825785,0.07503129994364165,0.1352980700331764,0.18582207566364972,0.22890478471226341,0.27379654849776786,0.011173339579542968,0.22219924874766536,0.029601240238563156
4-Acetamidophenyl β-D-galactopyranoside,0.007476368041493062,0.019347562755685065,0.07993931603199707,0.1387216814255552,0.1880539754618849,0.2320466679380715,0.2745200889022299,0.014339091487895507,0.22515061252387325,0.032490509378507594
4-(Trifluoromethyl)phenyl β-D-galactopyranoside,0.005861632101392018,0.0150801128889358,0.06827656966724435,0.12941984080105715,0.17640324242569394,0.21729282674440448,0.259337315859557,0.010990237983792664,0.21544328705306456,0.023216718265139068
4-Nitrophenyl β-D-galactopyranoside,0.006591450926442165,0.015014728363721166,0.06552026121348217,0.12875227306803727,0.1775872646487388,0.21839105855408966,0.2601956727076055,0.011955787378426785,0.20813933144590915,0.02685630686151157
3-Methylphenyl ß-D-glucopyranoside,0.005990468074715328,0.01670170730335959,0.08069106887456412,0.14152763071883806,0.19044841691635297,0.23190591851011763,0.27697252050384286,0.01194075472871696,0.2209526206900762,0.02622826689677455
3-Methoxyphenyl ß-D-glucopyranoside,0.006122704716523225,0.016193069405413717,0.07797747058459473,0.13663726336852183,0.1860526769032154,0.23072928336270046,0.27390460421818014,0.011137659278007195,0.22413265022555706,0.02938305920953902
3-Hydroxyphenyl ß-D-glucopyranoside,0.010391913174328473,0.020283274993466674,0.07256487934114847,0.1308736890578027,0.1827301577236472,0.2281873929606992,0.2730068728182841,0.01658876400368959,0.22598014792970414,0.032163229691499776
3-Bromophenyl β-D-galactopyranoside,0.009277030273414848,0.022767066454951343,0.0766052975827281,0.1336951194918125,0.1823427672826597,0.22520271195713776,0.27163206917451393,0.016446258331606196,0.21394225517811624,0.025643578577484952
2-Bromophenyl β-D-galactopyranoside,,,,,,,,,,
3-Acetamidophenyl ß-D-galactopyranoside,0.006425742231488907,0.018634244051723745,0.07765871680197085,0.1380749566054981,0.18678127978968095,0.22826274521929293,0.2724390322573447,0.013184360480484082,0.21812600269456092,0.03156506487959518
4-Trifluoromethoxyphenyl ß-D-glucopyranoside,0.006969299266375007,0.014687956364066597,0.06392527587505051,0.12711561343079458,0.17796966707039577,0.2177127787890973,0.25741496350545623,0.01159079250013717,0.21588776549803504,0.023595568295573716
Phenyl alpha-D-glucopyranoside,0.007185922127957923,0.015870289187194554,0.07584915906861245,0.1381482578263299,0.18855205147291657,0.23224079124631236,0.2760741264636204,0.012386564430285489,0.22509911424944926,0.02751343013133129
4-Fluorophenyl alpha-D-glucopyranoside,0.007968154637654684,0.018778727987763717,0.07365181804696201,0.13477065161302207,0.18507532165230006,0.22909769287208526,0.2731499307956412,0.012359316155791025,0.222380755903908,0.027046322697942077
4-Bromophenyl alpha-D-glucopyranoside,0.008431144850580035,0.021363113592993966,0.07657021660284011,0.13546766409555366,0.1858562967488269,0.2303282358970611,0.27505383214717033,0.013334018537411707,0.21987194947195174,0.024845364174680692
4-Ethoxyphenyl β-D-glucopyranoside,0.005815480739509128,0.015741919080274867,0.08099960784700994,0.14015283417179794,0.18915223755801924,0.23071158532210367,0.27603978263047696,0.010777613447649468,0.21937721041091351,0.028181711578985018
4-Propoxyphenyl β-D-glucopyranoside,0.005398497613567616,0.015536640053137363,0.0801316835353238,0.13922885823614442,0.18950877521717593,0.22995203692292152,0.2711058352878317,0.00968350536426781,0.2197088240954677,0.02647240198827524
2-Methoxyphenyl β-D-glucopyranoside,0.006040265869244971,0.015988790581615828,0.08057945024880411,0.13830549407626436,0.1875775914056633,0.2309651703104827,0.2768000092855523,0.011448735670103205,0.22484688408693398,0.03047347528774911
4-Trifluoromethoxyphenyl ß-D-galactopyranoside,0.006407722714491821,0.014421735651792365,0.06443162814064854,0.12491976553754787,0.17322098837001726,0.21384778901856616,0.25323561186309146,0.011103952991384551,0.21176031824306932,0.022844774893401823
2-Acetamidophenyl β-D-galactopyranoside,0.006317055074257303,0.017577272489755595,0.07688899422493507,0.13329174861622445,0.18200461661181255,0.22630900622336944,0.2692085881480129,0.01259980156431955,0.2193344569259147,0.030501960088355727
Ethyl 4-(β-D-galactopyranosyloxy)benzoate,0.005314958958023023,0.014700963321223842,0.07837037123100346,0.13822644895639116,0.18709205890313105,0.22929389077877513,0.2735102941012917,0.009835337237876975,0.22349468757931215,0.026984094126644487
Isopropyl 4-(ß-D-glucopyranosyloxy)benzoate,0.0048322499878630095,0.01403902369302487,0.07698854034230644,0.13850305937224758,0.18541753739972625,0.22407948125037647,0.2649927758294179,0.008750378012184394,0.21435138154663302,0.025073493799247917
Ethyl 4-(β-D-glucopyranosyloxy)benzoate,0.004871161864291457,0.01423695417688135,0.07613028410446757,0.13716122761746508,0.18675914921178172,0.2273263651473103,0.27252833530554493,0.009640790325710245,0.21726967996475757,0.027398322165163337
4-Pentanamidophenyl β-D-glucopyranoside,0.0058559249365647895,0.015851678357869766,0.0806388893853174,0.1370929488790393,0.18093789733521265,0.221744250902905,0.26317137758084824,0.01097623605671126,0.21269916290655747,0.027745845710523753
Methyl 3-(β-D-galactopyranosyloxy)benzoate,0.005757968130894391,0.015331422601964389,0.07640718168279453,0.13382394511026782,0.18562506396099643,0.22811146601249593,0.27205317779438454,0.010782983201456436,0.21659196072293582,0.02820778366185418
4-Methoxyphenyl ß-D-xylopyranoside,0.005533743110668261,0.015500374150905645,0.08189023522011554,0.14318825580196412,0.19566496852509666,0.24124961118402377,0.2897603387077014,0.009879523256352014,0.23391851405470834,0.027709905364326173
4-Methoxyphenyl ß-D-mannopyranoside,0.005759438280016379,0.01689267211149625,0.07965995576450856,0.13926965089659907,0.18927750290063158,0.23288848801022372,0.2771736006261042,0.011442947841215603,0.2220336774152579,0.02951895666444619
4-Methoxyphenyl α-D-Mannopyranoside,0.00556606337094599,0.015289031664411193,0.07905803735891437,0.14113401652789181,0.1901614793270067,0.23041964108067936,0.2759876084363565,0.011335237755696552,0.22050272263805926,0.027096941619987214
4-(β-D-Glucopyranosyloxy)-benzoic acid,0.009127220817319422,0.018643986880918954,0.06930858829268707,0.125812119240275,0.1744598686929906,0.2193888886569967,0.2618957360905942,0.01511850290676123,0.21684334770794347,0.031181300948819376
4-(β-D-Galactopyranosyloxy)-benzoic acid,0.008608196887272117,0.01909409357430787,0.06966517364683728,0.12465152469524661,0.17364771574313362,0.21693130557066403,0.2618950144835842,0.01510408618723997,0.2103948915893406,0.03170017088628705
Benzyl β-D-Glucopyranoside,0.00799408770207958,0.01804215436520623,0.075138195952569,0.13436393030285587,0.18461248819806123,0.2262798058311019,0.2683200794804487,0.012834947057111985,0.22008679142109625,0.025138764753391992
N-Phenyl ß-D-glucopyranoside,0.006768793464947624,0.020667069334901523,0.08027942425053426,0.14180657760185497,0.19177808104745714,0.2370210605013645,0.28200421977705636,0.01449996293247188,0.22590624350196623,0.028783824920265145
S-Phenyl-1-thio-β-D-glucopyranoside,0.0060844907709288855,0.016909070739922098,0.07377085947353855,0.13482863558461836,0.18461950349772277,0.2266791030211329,0.2715396566161956,0.011539421187215307,0.22465030143793663,0.027221664958548067
4-Methoxybenzyl ß-D-glucopyranoside,0.005292469937837537,0.015547718918881731,0.0798155026372276,0.14088527317020857,0.18808187611218483,0.22924511476696133,0.2739992443696039,0.01051019719067384,0.2236206253659263,0.028390705900867008
N-(4-Methoxyphenyl)-1-ß-D-glucopyranoside,0.007079511250237202,0.015369112678292298,0.07237039616962729,0.1320275109805422,0.18101248887285085,0.2240079904570739,0.2653931569149915,0.011537619793520255,0.21743678231963012,0.02780649778601417
4-Methoxyphenyl-1-thio-ß-D-glucopyranoside,0.007463355478605427,0.01481343107877372,0.07117827800945756,0.13070100442235516,0.17857577256607807,0.2185721641957241,0.2624789168608015,0.011536607716482428,0.21689568097862566,0.02726759205595559
"1,4-Bis-(ß-D-glucopyranosyl)benzene",0.008555831007634384,0.021113312422920794,0.07792620727720859,0.12533359259769644,0.16888333277387013,0.2077073992959981,0.25019300533286765,0.01636782187241426,0.20247798732817832,0.035922012235874996
"1,4-Bis-(ß-D-galactopyranosyl)benzene",0.009845894218495431,0.022415206159386414,0.07839619720117204,0.12533065713374136,0.16797962279555503,0.20818514732269855,0.24915603939417205,0.0173924357022823,0.19856915658468932,0.03745356218023085
1-O-(ß-D-Glucopyranosyl)-4-O-(ß-D-galactopyranosyl)benzene,0.009688340167147648,0.021908101180167325,0.07788826741283177,0.1251192722695661,0.1679686588773764,0.20751871673178623,0.2494866425497057,0.016931569844527313,0.19873939155350567,0.03685103152107851
"1,3-Bis-(ß-D-glucopyranosyl)benzene",0.009476877571541602,0.021449952690916922,0.07800201857307591,0.12547608183499562,0.16789256578241488,0.2075083213511312,0.24955643323073115,0.017080593773304738,0.19780442129506473,0.036712893445942744
(4-Pyridinyl) β-D-glucopyranoside,0.008267011507990607,0.01873979016200507,0.07816686154378766,0.13369393120929418,0.18130087959410396,0.22836139652130164,0.27574358523992043,0.013078245496955037,0.21640577855882526,0.03289826253631101
4-Methoxyphenyl-6-O-(α-D-galactopyranosyl) β-D-glucopyranoside,0.0082059873932711,0.017550006562940968,0.06868613672151365,0.11419518337465308,0.15272913644092825,0.18644397909939464,0.22079513810253576,0.013806651449978764,0.18151634501419975,0.03115413665630944
4-Methoxyphenyl-6-O-(α-D-glucopyranosyl) ß-D-glucopyranoside,0.007928869215529395,0.016429620953284575,0.07048479778515636,0.11789664754949555,0.15706719393506208,0.19047887307551906,0.22595096046630092,0.012684240945723603,0.18569979202794953,0.028887750217025582
4-Methoxyphenyl-6-O-(ß-D-glucopyranosyl) ß-D-glucopyranoside,0.00789669132705469,0.017779702007156017,0.07103911290574202,0.11782188596957889,0.1570479016573836,0.19304378732111147,0.2295319748058061,0.013495135952337796,0.1880376141172337,0.03230606801237692
4-Methoxyphenyl-4-O-(ß-D-galactopyranosyl) ß-D-glucopyranoside,0.008382840969320411,0.01823571944669673,0.06986293075450922,0.11719369414942149,0.15764140451824343,0.19311666046462936,0.22876809486704203,0.014083496619039917,0.18811128499677235,0.031006378127010664
2-Amino β-D-galactopyranoside,0.008282624398934492,0.02238100038449742,0.07928035255635871,0.13760730208370153,0.1884700240143104,0.2337751688093879,0.28121967060994113,0.015852813719376798,0.2273339302001226,0.03438649948578696
2-Amino-3-(β-D-galactopyranosyloxy)-benzoic acid,0.008086540924223671,0.022163341549808133,0.07566332833800081,0.13005463749584378,0.1779084060874862,0.22193992184868805,0.2661198803135719,0.016322151949143576,0.21583785103505884,0.034661680518885414
2-Amino-3-(β-D-glucopyranosyloxy)-benzoic acid,0.008092767240397298,0.019527275547280686,0.0733528314332925,0.13007326598650978,0.17820600981060297,0.22003085202307976,0.26294701212995597,0.014766084279815723,0.21414492157655954,0.03354202004745606
4-Aminophenyl β-D-glucopyranoside,0.007454073028302001,0.023123969803149236,0.0815663761476655,0.13765495969264785,0.18776056363715976,0.23347086294093053,0.2822729553452973,0.016295468922372013,0.21779964980457503,0.036403123075432
4-Acetamidophenyl β-D-glucopyranoside,0.006541756091364061,0.018422309915959244,0.07900981263152528,0.13561367803728727,0.18420152458380407,0.2266571085916632,0.2728158364391204,0.012245389943720753,0.22047912974666073,0.030965775719975427
"N-(2,2,3,3,4,4,4-Heptafluoro)butyl-D-gluconamide",0.00734474641544097,0.018179069697899466,0.06657063784145976,0.1296048266905401,0.1761831583288675,0.21540878070372824,0.25529815518156906,0.014943183978607584,0.20512083554340219,0.027921318950373534
N-Phenyl-D-gluconamide,0.008333520408891973,0.021968441760866195,0.07810557719806287,0.14067149420122926,0.19146905749921483,0.2366841949934539,0.2832195869976242,0.016547513207320064,0.22962075559670825,0.03296857035339495
N-3-Fluorophenyl-D-gluconamide,0.008246304238059074,0.022650509325551012,0.0748457923541954,0.13472873323988618,0.18723837086038372,0.23162552178392812,0.2768579139783597,0.015851780026257353,0.22546544399460358,0.032348017066980726
N-4-Fluorophenyl-D-gluconamide,0.007167969932279884,0.021346650604000716,0.07833690446859116,0.1389230404742935,0.1905658108704201,0.23412162329259423,0.27786137014827533,0.015021069524957497,0.22283910480384128,0.030647772781228023
N-Benzyl-D-gluconamide,0.0058852843909226685,0.01885586728001609,0.07730597642103579,0.13840505315686646,0.1866705780375568,0.2278442832419482,0.27151677112898365,0.012849733714874417,0.21733685041154893,0.02797183880906747
N-2-Fluorobenzyl-D-gluconamide,0.006295291825742347,0.01930139687782263,0.0789522045437277,0.1382212675963954,0.18561557809597645,0.22640598239150037,0.27078247748242384,0.013381954760383561,0.21588336835262725,0.02808352890224805
N-3-Fluorobenzyl-D-gluconamide,0.008627668570139973,0.021813365314633463,0.07561397797673713,0.13254806826175966,0.18022208713783405,0.22064318121201132,0.2637878417763782,0.015293518648966092,0.21468831596864185,0.030513722028214493
N-4-Fluorobenzyl-D-gluconamide,0.006894530456687419,0.020425300031773806,0.07492644034200842,0.13538348351367835,0.18426767083125944,0.22511641001325494,0.26816173565914164,0.012998164988565073,0.21464142637605035,0.028374079734443107
N-2-Phenylethyl-D-gluconamide,0.0066135937813280535,0.017564472447148254,0.07612229689368281,0.13048535597579491,0.1754847897883148,0.2143721602349041,0.2534120627794208,0.012830687324861683,0.20458376028419178,0.029095070285325115
N-2-(2-Fluoro)phenylethyl-D-gluconamide,0.0062031260519254195,0.01832339300057064,0.07561000420670318,0.13608744416715915,0.18167576126487808,0.21903712805384606,0.26136683858746623,0.012760203071468983,0.20960794866617632,0.028037085161966332
N-2-(3-Fluoro)phenylethyl-D-gluconamide,0.00662689245139031,0.019768774431791064,0.07929755823587711,0.1392968265233976,0.18688136541758932,0.22766498403487262,0.26940049475509903,0.012967609693557187,0.21721029248627563,0.027884163765547535
N-2-(4-Fluoro)phenylethyl-D-gluconamide,0.005747376176497482,0.017482800548369443,0.07402471290273986,0.1321768672596792,0.17783092286849356,0.2158478105349187,0.25636766341828776,0.01088388079352832,0.2027970232994659,0.026134024044017334
"N-2,5-Difluorobenzyl-D-gluconamide",0.007161618055691127,0.02103884386173974,0.07263923891193814,0.1346187740239381,0.18184059901308872,0.22097554168276864,0.26291426443955773,0.014616911340135772,0.2111922083289566,0.030342809725734478
N-4-Bromophenyl-D-gluconamide,0.008176384157173202,0.024330985750210078,0.08023029482001892,0.13974335031715968,0.1918082513242804,0.23381439380751395,0.28458214099370677,0.014524524729669743,0.22264012991817583,0.028363034062412456
N-2-Fluorophenyl-D-gluconamide,0.00803850099057895,0.02230735331246335,0.07521838641264376,0.13396119459687228,0.18428669884530863,0.22967737388800114,0.2733280016813067,0.016157870590329602,0.2187000860843315,0.03220300945750703
"N-3,5-Difluorophenyl-D-gluconamide",0.0077874887535755045,0.02070507848337355,0.07335003677726931,0.13500407605474146,0.18631361209106792,0.22829176601882029,0.2731863685209731,0.014309798664763382,0.22256060611557602,0.029797763796224994
N-3-Bromophenyl-D-gluconamide,0.010483648080429887,0.0259442311772921,0.07848529225975823,0.1353477657178073,0.18636544847844397,0.2308866072178484,0.2785644525142119,0.019523065044936373,0.2194897495621188,0.03190619284333411
"N-2,6-Difluorobenzyl-D-gluconamide",0.007422476093390667,0.01964746993703651,0.0769002438416249,0.1353720763093106,0.17988632352415718,0.21970423991916838,0.26416016082721694,0.014032649604974272,0.20925356719765315,0.02839700571309208
N-4-Methoxyphenyl-D-gluconamide,0.0074997866038620095,0.020266066438418454,0.08007716701949726,0.13621322254671311,0.18807349495912176,0.23192163901606366,0.2758763723515607,0.014810808012916139,0.22553426032165635,0.03348795830193623
N-4-Methoxybenzyl-D-gluconamide,0.006492728051730104,0.018641254071112324,0.07926065184266934,0.13500214808551653,0.1799691286343736,0.22218334783047763,0.26328411616866965,0.013159615404920767,0.2155823639503856,0.03055395858094208
N-4-Methylbenzyl-D-gluconamide,0.007505135240442278,0.019270973221578537,0.07572158704072934,0.13353914813761297,0.18081909402887103,0.22063254540651947,0.26281362275848463,0.01400002351314611,0.2113940288498153,0.029916423316123337
N-2-Methoxybenzyl-D-gluconamide,0.00677561371465526,0.018375550748550934,0.07845044101993717,0.1353225884628852,0.18065964960719774,0.22160225795788546,0.2638650573300291,0.012994414325446197,0.211296752619726,0.029968791130346572
N-2-Methoxyphenyl-D-gluconamide,0.007167018342036567,0.01952771063752169,0.07817012538472182,0.13354635906424972,0.1806309017398333,0.2215247768049319,0.26585871708645825,0.01432848505595365,0.21539638708239825,0.0318187704242166
2-Phenylhydrazide-D-gluconic acid,0.008979050329092783,0.022490383605055165,0.0789592913040326,0.13510447074145313,0.18508737923855853,0.22993300769605324,0.2741694708698267,0.01667113978526172,0.22356624177326684,0.03412175691027151
2-(2-Fluoro)phenylhydrazide-D-gluconic acid,0.010358447735721999,0.023398171428314782,0.07892031907140372,0.13903446568154018,0.18975386746720424,0.23303310323385254,0.2784513052251611,0.01769970841332457,0.22707110550931892,0.03677853460821265
N-1-Naphthyl-D-gluconamide,0.007849147479400785,0.017441299532249235,0.07193658838209152,0.1326469275823877,0.17817939719366221,0.21718542120764606,0.2577953333102084,0.013047602092168658,0.21108127070260316,0.025466065119260622
1-Deoxy-1-[(2-fluorophenylmethyl)amino]-D-glucitol,0.005841760363432148,0.01820632589727222,0.07643985521517016,0.1365787796133847,0.1848291392218785,0.2233347249208828,0.26791592480623305,0.01153291485745434,0.21336121315200787,0.027012228459403587
"1,4-Bis-(D-gluconamide)benzene",0.00961605525886882,0.023780557830741445,0.07754044843504208,0.12463792042338216,0.16633750666157696,0.20605111432228423,0.24680690647706033,0.019605958531944797,0.19638210616860832,0.03787390825012684
N-octyl-D-galactonamide ,0.005673685110642681,0.017935927805501885,0.08633364612154056,0.14690400484562652,0.1891377237780957,0.22527669850778625,0.26751321480418805,0.011706512904876693,0.21255678041710746,0.024297393153011805
N-Octanoyl-N-methyl-D-glucamine,0.004755077265530609,0.01605997316742316,0.0875392741260376,0.1436921026493706,0.18606868711677346,0.22436684383764052,0.26389560511936005,0.008892799967737355,0.21000512430768523,0.023964903331965447
N-Methyl-N-octyl-D-gluconamide,0.005672714365058873,0.015695097850706993,0.08094783211271012,0.13519258673993265,0.17636259736397403,0.21068365182557627,0.2500639131400176,0.010761482831847451,0.1986258560247978,0.024731110431541924
1-O-Octyl-D-glucitol,0.00561104372590063,0.016340480234968462,0.08249016691236488,0.14104262714008908,0.1816022262856585,0.21982286850714977,0.2599162438109237,0.01092505166783731,0.20637651622869332,0.023977110408962457
N-Octyl-L-Mannonamide,0.0065795659952009155,0.0182774508398161,0.08810724772425566,0.14870140457381922,0.19119386588301052,0.22827396475289252,0.27239398269957,0.012445331874038451,0.2116909864137288,0.0259006474823764
N-Octyl-D-gluconamide,0.005219364610014479,0.017031933184778674,0.08803665781475362,0.14850536761483032,0.19186627775276388,0.22739919993050126,0.26991460078661555,0.009658873143939747,0.21438186185138464,0.024307487830995626
N-Butyl-erythronamide,0.007746687298114935,0.020532762723340835,0.09366038820536439,0.16006233248150392,0.21472676936327548,0.261736724678008,0.31060728595701337,0.015069859851300292,0.24533943914675624,0.032054927423185345
N-Pentyl-erythronamide,0.007216716793466407,0.019399671950219015,0.09108465719624104,0.15881615240927846,0.20954441432359514,0.2561862179590477,0.30507121452296443,0.013159566168901113,0.23620461082396368,0.027678727035334943
N-Hexyl-erythronamide,0.006299444289566215,0.018989390636164977,0.09458687158647924,0.16082073772825634,0.2099615098907387,0.2532541849783511,0.2994229173066723,0.013182808713260058,0.23768792594125615,0.02902388622268028
N-Octyl-erythronamide,0.004298321605712688,0.016249310871030924,0.09295079037518217,0.15620632591383252,0.20347352520648967,0.24708577406199211,0.29295661901885556,0.008592372876028641,0.22789373115041184,0.021841079864628618
N-Octyl-D-gluconamide,0.006319715284960153,0.018533691873800814,0.08770098464577673,0.14711702955213474,0.1893394305137676,0.22718781075950198,0.2697646157791217,0.01208400462066634,0.21021872156137655,0.025768994663672707
D-gluconamide,0.011311825780560447,0.032130864842136675,0.09383357658213909,0.14919396280972935,0.2033754845711269,0.2575479656949846,0.3164510050207282,0.02542181736010658,0.19561822789227676,0.04839797188539413
N-Methyl-gluconamide,0.01003461340782264,0.026601749819470544,0.09144702968493963,0.15121890788837716,0.2044407991060301,0.2527855598188588,0.3041503863314855,0.020335917751901324,0.22675656780292383,0.04264955698310362
N-Ethyl-gluconamide,0.00896267121598337,0.025771742489852464,0.0914786499574206,0.15097986515595493,0.20170970094566193,0.2492791670136043,0.30201947786916,0.018269168911155733,0.23207119350841549,0.03941450923626526
N-Propyl-gluconamide,0.00864243202197916,0.023231431981476057,0.08963308335050367,0.1485232568566067,0.19889791176450974,0.24590510535424812,0.29299843092545985,0.017150903027958176,0.22438281692507708,0.03565370101276505
N-Butyl-gluconamide,0.00782132582776289,0.02229783860477365,0.08628399598560886,0.14754669394021663,0.19465757943066506,0.238796119536798,0.2836908604488264,0.01626975737163534,0.2145309401112001,0.03250351323904484
N-Pentyl-gluconamide,0.007961854132442513,0.021104401118849973,0.08503319880380587,0.14392419908169932,0.18758067508014098,0.23132751091006867,0.27565728835168807,0.016032464261502267,0.21614680563715447,0.032190345284608034
N-Hexyl-gluconamide,0.007328121261010468,0.0199644033375043,0.08828745941867946,0.14778502608605615,0.1937632357792654,0.23212281310725388,0.27563999180830323,0.014360332755507304,0.21548760398789013,0.029083152938334075
N-Heptyl-gluconamide,0.00586808515267559,0.01781503763350207,0.08261433770670697,0.13999461529142646,0.1802819137375697,0.21653422276249645,0.25840705262954355,0.011496367948475205,0.20413779736536028,0.02654490625382693
N-Nonyl-gluconamide,0.006083257208231115,0.019049175346553208,0.08695092368204894,0.1472861463168927,0.1898080511848467,0.22648907273986862,0.2673068779845684,0.012688544643482829,0.21382976375267082,0.02553437733027676
4-Methoxyphenyl β-D-xylopyranoside,0.005707175144947389,0.01514351906652791,0.07954499848398756,0.1438166775146003,0.19584883402784706,0.24247928411606104,0.29146982145419315,0.01040344228198584,0.23527778220907578,0.028446050461413065
Glucitol,0.011239528486440425,0.02986034529233239,0.09467723780787633,0.149572548543546,0.2065162156312644,0.26383531026402585,0.3211440121559043,0.0249616337794052,0.20941042325914022,0.045511803946481244
Galactitol,0.012469517384962842,0.029773790280645352,0.09065278893956112,0.1502095242403858,0.2076516344943613,0.26442803638881845,0.32084334091991507,0.02311838417813339,0.19415288941747744,0.04647776563604499
"N-[5-hydroxy-6-(hydroxymethyl)-2-(4-methoxyphenoxy)-4-3,4,5-trihydroxy-6-(hydroxymethyl)oxan-2-yl]oxyoxan-3-yl]acetamide",0.006294646279427092,0.015123763715516499,0.07046618161505205,0.11706818984214895,0.1558733073025482,0.1915328634386322,0.22601525285549545,0.011154475095700373,0.18979560225134903,0.028582563985751434
"2-[3,5-dihydroxy-2-(hydroxymethyl)-6-(4-methoxyphenoxy)oxan-4-yl]oxy-6-(hydroxymethyl)oxane-3,4,5-triol",0.00792686129930842,0.01794856422707512,0.07182172863660419,0.1192909950509701,0.16384766704595527,0.19981934182940222,0.2372650542859921,0.013040111104067567,0.19795964561387336,0.03256334056789647
"2-[3,5-dihydroxy-2-(hydroxymethyl)-6-(4-methoxyphenoxy)oxan-4-yl]oxy-6-(hydroxymethyl)oxane-3,4,5-triol",0.00727364349605879,0.01903657224576679,0.07563535184957124,0.12717130695975803,0.16834569288887738,0.20704244249079246,0.24576820199172178,0.013438418022562413,0.20103023397447284,0.033071353549858136
"2-[[3,5-dihydroxy-6-(4-methoxyphenoxy)-4-[3,4,5-trihydroxy-6-(hydroxymethyl)oxan-2-yl]oxyoxan-2-yl]methoxy]-6-(hydroxymethyl)oxane-3,4,5-triol",0.008847323543726136,0.01829060456384828,0.07195157522947068,0.12151147426775408,0.16441377660047682,0.20117897796993606,0.23789243348009528,0.01444523138386575,0.19524444034454835,0.033663462380568825
N-4-(Trifluoromethyl)phenyl-D-gluconamide,0.007945307582604205,0.01908671082358963,0.07035767676485355,0.13313986442025702,0.18049600311148273,0.22343120915977235,0.2654559468428224,0.01455004751803979,0.22071016368744906,0.030367356168198367
N-4-Methylphenyl-D-gluconamide,0.007574496942108589,0.020768679104701857,0.07934981320554989,0.1406254671100395,0.1882400878909875,0.23162291571843327,0.2774302566225932,0.015923276861131076,0.21624136227281227,0.03111309110699754
N-3-(Trifluoromethyl)benzyl-D-gluconamide,0.007140491293883711,0.019190789320223445,0.07430408154060433,0.13338915502790996,0.18115089559036004,0.2217303158883951,0.26409053718461306,0.014106208641987729,0.2120779046665126,0.028601373261275015
N-4-(Trifluoromethyl)benzyl-D-gluconamide,0.006379088324082004,0.01772544127292211,0.07521875697365439,0.13517839627757813,0.18231244437987848,0.22079142167533544,0.2591743965552086,0.012098920759098266,0.2151991847597492,0.025846958321449728
N-2-Hydroxyphenyl-D-gluconamide,0.008550034175084811,0.021791798795764,0.07477604007405209,0.1360003721984831,0.18654954552841368,0.23030317949284676,0.2741327394461298,0.016378537960874892,0.22417528958482877,0.03263664228343236
N-3-(Trifluoromethyl)phenyl-D-gluconamide,0.006682461651991919,0.019111317648037647,0.07510293742213979,0.13359450206036408,0.18094178552196344,0.22150254319278823,0.2632443331919291,0.014447638083224822,0.21537766820070284,0.027711490319628183
N-4-(Trifluoromethoxy)phenyl-D-gluconamide,0.006395760115977952,0.017218865308293096,0.06839514842562681,0.130724278635989,0.1801106047927398,0.21996593924277344,0.26182533446060163,0.013002107406072503,0.21364033949746675,0.026710104510136747
"N-2,5-(Dichloro)phenyl-D-gluconamide",0.008895253828580042,0.0263182672376219,0.08211111483627218,0.14163471368114552,0.1892698249400271,0.23264706721367506,0.28039443037407213,0.015516140368676372,0.2174234447125625,0.025435230054704192
N-2-Methylbenzyl-D-gluconamide,0.007001535840636059,0.019280635659982396,0.07684079750783149,0.1337947238437017,0.17836329363150105,0.21780193641756299,0.2564149239172059,0.01415239168314481,0.2079393571256811,0.028737221818913073
N-4-(Trifluoromethoxy)benzyl-D-gluconamide,0.005560416562965134,0.01680062013382051,0.07601771645647656,0.1312229174049828,0.1744960929654936,0.20932022721367943,0.24762665457718952,0.01141869057938511,0.20111122763261208,0.026201782682955276
N-2-(Trifluoromethoxy)benzyl-D-gluconamide,0.006371256844407594,0.016398314016174875,0.0658554924826647,0.12232018163288005,0.16591098537651208,0.2032511957925606,0.24016736795215152,0.012579661941964781,0.1977069258170516,0.026784373745350743
N-2-Chlorophenyl-D-gluconamide,,,,,,,,,,
N-4-Chlorophenyl-D-gluconamide,0.00895562997696172,0.026245166676290052,0.08013191442483421,0.13965351055843478,0.18779809645746012,0.2331901571096872,0.2806359527699726,0.018794391433677594,0.22165150451738863,0.0306082499192365
N-4-Chlorobenzyl-D-gluconamide,0.007975622970264933,0.02405826935331284,0.07588748823850827,0.12421195864915963,0.16580607478784096,0.20266791988379956,0.24524183815711012,0.01641526507301129,0.19018184114029196,0.028638327868904856
N-2-Methylphenyl-D-gluconamide,0.007813991742957828,0.019634727450307365,0.0757840272529649,0.13350468235104168,0.18210488235400657,0.223222757686913,0.26574335027243856,0.01474412323140425,0.2127908927151436,0.03037733710053763
"N-2,6-Dimethylphenyl-D-gluconamide",0.006751722024160169,0.019165553710607408,0.07545640259821292,0.13328090336001167,0.17829335068437474,0.21894669946546647,0.2584701077695485,0.013501304964130356,0.20793172192592693,0.028009187541661852
"N-2,5-Dimethylphenyl-D-gluconamide",0.0069381570085869345,0.019115512680696493,0.07654009795851366,0.13563349440276234,0.18137902732099526,0.22175484048326347,0.2625583505430658,0.01383886229467485,0.21170796381328266,0.026955380355670768
D-Galactose,0.013902070690054263,0.02969352576801057,0.09205923301424297,0.1503553245763925,0.2051472197291952,0.2602524029402887,0.31816865324956767,0.02613128165355671,0.15935354301523139,0.0470840848670479
D-Glucose,0.01301344767211792,0.0283632936710745,0.09049048623546252,0.15042716891223462,0.2069660727418034,0.2607231014885306,0.31779281719963665,0.024478418718134148,0.15878333843560455,0.045724884412940765
D-Mannose,0.015491103151191503,0.032276175175950016,0.08914848082788225,0.14542514183678534,0.20501372661233558,0.2651236546405955,0.32515437340888054,0.027755587074869293,0.148589366373049,0.05261274116358142
D-Talose,0.013690544301539743,0.03143887386891184,0.09379862491840761,0.14907435568703103,0.20271058862603997,0.2612540806407381,0.32412586110337444,0.02678898481573742,0.15152952400945024,0.0491291522288721
D-Melibiose,0.009741377564933186,0.023363221583833475,0.07894476921270387,0.12579139203193065,0.16902713143288636,0.21066064046659114,0.25306647003561816,0.01778249439070125,0.19630818178262782,0.03831313437090894
D-Lactose,0.011413843756675484,0.023903334561102982,0.07353419234839809,0.11701479116852356,0.15900708863392876,0.19838488399405574,0.2404090622849091,0.019670174304933723,0.19290229151630794,0.040795219395264815
D-Trehalose,0.011012790122729503,0.024862640451085237,0.0787136327288466,0.1256724547893229,0.1681973296992221,0.21144885851590442,0.25501629399677433,0.01966879668826798,0.2052837575968806,0.04006577972591763
D-Maltose,0.013184632449421396,0.025672461173866474,0.07883402000815361,0.12337586834376277,0.16673833707642643,0.21037666475439146,0.254469043161032,0.021349697244866545,0.20428487541981738,0.043050976610278985
D-Sucrose,0.010311942587303986,0.022972763615217193,0.0761277871901433,0.12039354221041579,0.16288384597031716,0.20227155547693854,0.2432847722652963,0.0180259269649342,0.19718565716791722,0.03788282246728535
1-(α-D-Galactopyranosyl)-2-propene,0.008732537555175153,0.0211805235432899,0.08399969029141778,0.14211330906308717,0.1972539202724405,0.2456428405414448,0.29396945105333666,0.01553055779607891,0.23460458811407683,0.034102039532655254
1-(α-D-Glucopyranosyl)-2-propene,0.008281524917631438,0.01944808892789733,0.08520343531564595,0.14429591674096376,0.19688231463393788,0.24784739918289755,0.2935593665373843,0.01362986994575862,0.24040167872825646,0.031082205521974687
1-(α-D-mannopyranosyl)-2-propene,0.009714874833746917,0.02151985478546286,0.08367032541837681,0.14367790781281617,0.197845442603188,0.24737039370979924,0.29734336717603804,0.01682057201243528,0.2402088096879922,0.03530922150053552
1-(α-D-Talopyranosyl)-2-propene,0.009622039741216715,0.022066869627294615,0.08442760218197584,0.14578257287385726,0.1984546871478287,0.2427572154997596,0.2962701942381531,0.016000361661506056,0.23679885738236703,0.032105636353931
1-(β-D-Galactopyranosyl)-2-propene,0.01038856982324142,0.021782449997308728,0.08164608621988968,0.14094063981511534,0.1942279371344419,0.24155274127125678,0.2900259835379373,0.01686841655705837,0.23434319763397146,0.036510354695572435
1-(β-D-Glucopyranosyl)-2-propene,0.00941287721729041,0.01977620955172323,0.08182924245796709,0.14143164035936218,0.19439598879000627,0.2409655881980598,0.2901014794843741,0.015588774060049151,0.23374389633409648,0.03442936607223789
Allyl β-D-galactopyranosyl-(1→3)-2-acetamido-2-deoxy-β-D-galactopyranoside,0.006190667905360987,0.017848932775315338,0.07471061510598298,0.12035220176720875,0.15817696481226756,0.1939863892610243,0.23003880374645522,0.011817813262254648,0.18594674056749283,0.029162187753799022
Allyl β-D-galactopyranosyl-(1→4)-2-acetamido-2-deoxy-β-D-galactopyranoside,0.006927895378297687,0.018993543029535414,0.07776763671226856,0.1260496911845883,0.16519504354979683,0.20216225891732717,0.24020043890808992,0.013510037116388682,0.19341361835160029,0.03242295168053299
Allyl β-D-galactopyranosyl-(1→6)-2-acetamido-2-deoxy-β-D-galactopyranoside,0.0071587014864161426,0.0192594030230401,0.08095319573566778,0.13049011660645907,0.1714993065239309,0.20789486369143714,0.24964848758579244,0.013596026836029307,0.1991551927040751,0.03251597053923079
Allyl β-D-galactopyranosyl-(1→3)-β-D-galactopyranoside,0.008214982609921642,0.018404011679089383,0.0690750116230142,0.11294472075453464,0.14924797698585318,0.18429493912344583,0.2182836053002415,0.013998571727064419,0.1756335046639604,0.03048691163203635
Allyl-β-D-galactopyranoside,0.00878873777863137,0.021372779712426335,0.08165580768620152,0.1414462716390414,0.19069487036443764,0.23753169066718618,0.28388300714555603,0.015929827547387858,0.2272431679024787,0.031308141112766724
1-α-Hydroxyl-2-acetamido-2-deoxy-β-D-galactopyranoside,0.01010848378112717,0.0255271963761856,0.08654287752174014,0.1422462775838053,0.19453533636900583,0.24393830557251764,0.2968456174730484,0.018924823537591878,0.22119743704175204,0.04125556819501266
Allyl 2-acetamido-2-deoxy-β-D-galactopyranoside,0.006180124833257251,0.017997906524584804,0.08572886993898378,0.14440708906689928,0.19238838677408546,0.23523013678081217,0.2811648772805139,0.012486835360937077,0.2256668990705054,0.029479278457171222
Octyl-β-D-glucopyranoside,0.0056141984641745754,0.015815739702460033,0.08244558054794364,0.1410203981882391,0.18268355768960765,0.2178572391986622,0.25834826921830306,0.009853435698763681,0.2092812851452729,0.022152297448340512
Octyl-β-D-galactopyranoside,0.0054407364337829885,0.015393400132680073,0.08430981453381067,0.14378751137186827,0.18576887520250962,0.22072522719971746,0.2613332767868617,0.009571733136409279,0.2082534555842326,0.02166384854206338
,9.557638921142566e-05,0.012792192432801514,0.08658376076988429,0.16251457404667177,0.20083580685203564,0.2371513806542105,0.2888776475621593,0.003940851929861582,0.20277932618836872,0.0
,,,,,,,,,,
,,,,,,,,,,
L-Lysine butyl ester dihydrochloride,0.016979277332950522,0.0324965399012578,0.0999891708978868,0.19477923292512436,0.2459027457906437,0.31359933208369045,0.4076019612786112,0.023241885404541644,0.2284952680622613,0.019680268501638887
L-Lysine hexyl ester dihydrochloride,0.014201361380575322,0.02789291924828425,0.0953056819827996,0.18409148996368566,0.22996749909343286,0.29161866745046366,0.3692142712174972,0.019714602102517458,0.2139959626816495,0.017326340920307194
L-Lysine octyl ester dihydrochloride,0.012290806215734654,0.02672836022412097,0.09592063528257201,0.18277566658340558,0.23128296494897366,0.2913665854344086,0.36696210269689944,0.01736630976675479,0.21424476170397241,0.01445999743049009
L-Lysine decyl ester dihydrochloride,0.010930407385351943,0.023900891736147078,0.09214631704208433,0.17702285769234483,0.22374685997260163,0.2795913496603938,0.3525155518832399,0.01615478624034712,0.2078484516990921,0.013703704032493769
L-Lysine dodecyl ester dihydrochloride,0.01098457418130442,0.023081863723500008,0.09213481091744458,0.17444870792808295,0.21949892112867342,0.27027080589587676,0.33961894632878453,0.015024058047903766,0.20852331634196036,0.012551530293653905
L-Lysine tetradecyl ester dihydrochloride,0.00887064887581114,0.021096180221786973,0.09115496837131735,0.16937521092662158,0.21028748789618582,0.2586476190369861,0.32054135488650937,0.013290476540378175,0.199489027365071,0.011559436029584293
Sodium Nα-hexanoyl-Nε-butanoyl-L-lysinate,,,,,,,,,,
"Sodium Nα,Nε -bis(hexanoyl)-L-lysinate",,,,,,,,,,
Sodium Nα-hexanoyl-Nε -octanoyl-L-lysinate,,,,,,,,,,
Sodium Nα-hexanoyl-Nε -decanoyl-L-lysinate,,,,,,,,,,
Sodium Nα-hexanoyl-Nε -dodecanoyl-L-lysinate,,,,,,,,,,
Sodium Nα-ethanoyl-Nε -dodecanoyl-L-lysinate,,,,,,,,,,
Sodium Nα -octanoyl-Nε -dodecanoyl-L-lysinate,,,,,,,,,,
"Sodium Nα ,Nε -bis(dodecanoyl)-L-lysinate",,,,,,,,,,
Sodium Nα -dodecanoyl-Nε -butanoyl-L-lysinate,,,,,,,,,,
Sodium Nα -dodecanoyl-Nε -octanoyl-L-lysinate,,,,,,,,,,
Nα-ethanoyl-Nε -dodecanoyl-L-lysine,0.0019958913775209256,0.010158122980454038,0.08517800297637677,0.14771081874739703,0.1883155593867911,0.2226531213334939,0.2625476361546654,0.004887029223217645,0.2078118039602753,0.015632495287464757
Sodium Nα -hexanoyl-Nε -hexyl-L-lysinate,,,,,,,,,,
4-Aminophenyl-β-D-Galactopyranoside,0.00825532656418748,0.022132623916467038,0.07580531698721354,0.13132124955243177,0.18020431641607484,0.22602750774699273,0.27084559406498887,0.016389457489679408,0.21470613823975424,0.032323580688742054
4-Methoxyphenyl-6-O-Methyl-β-D-glucopyranoside,0.00543890050645135,0.012177095870183367,0.07440823346397775,0.13776028474565208,0.18282216568830184,0.22395022837434822,0.263941507387786,0.007882388366357178,0.21810074133182744,0.02320993491087582
4-Methoxyphenyl-6-deoxy-β-D-Gluco-heptopyranose,0.006259311389076947,0.016111484242636778,0.07369362512885856,0.1315795855436597,0.17891091241195933,0.22030996667959651,0.26220022380396785,0.011295825151737165,0.21420162057588576,0.02896010882740652
,0.008596366135021807,0.020821741392834547,0.07933275051393016,0.1291132852796794,0.17332434056631116,0.2129218727992518,0.255708953010564,0.014923047643008346,0.19556393746151607,0.03650247988202036
2-(α-D-galactopyranosyl)ethanoic acid,0.011940079717892006,0.02392832378042702,0.08216145020199843,0.1342605494645506,0.186086428638515,0.2359894499258136,0.28804650298443596,0.01973946744046067,0.22368299985842127,0.04288801125907277
2-(α-D-galactopyranosyl)acetamide,0.010766969913265112,0.0267325588710542,0.08756876283985832,0.14243441199020826,0.19401765180605665,0.24110811870295573,0.29174756331598417,0.019884825017324543,0.2193614195831158,0.0447120086256497
N-Methyl-2-(α-D-galactopyranosyl)ethylamide,0.009330738181696012,0.022738524112163684,0.08726820204769829,0.14247046968146923,0.1901246402125664,0.23708026941118443,0.2870147516691418,0.017431462609030276,0.22054484441193276,0.038697750316186615
N-Ethyl-2-(α-D-galactopyranosyl)ethylamide,0.008418212379154267,0.021620572407058725,0.08565934084112944,0.14521912775853132,0.19064964274807145,0.23692055435239262,0.28318887225689615,0.016090027784530763,0.221044067117803,0.035516253526696746
N-Propyl-2-(α-D-galactopyranosyl)ethylamide,0.007718690897685229,0.019482981071178317,0.08548220046459379,0.14249569573898146,0.18729714608716475,0.22662017012879432,0.271800808287275,0.014907198988295392,0.21661810794541556,0.0337754617040188
N-Butyl-2-(α-D-galactopyranosyl)ethylamide,0.007565761433330063,0.0189829339914679,0.08445229106858967,0.1415233264666673,0.18575620526409914,0.22643230809838444,0.2684471945343437,0.013864224796280718,0.21218721718604341,0.03185578286940363
N-Pentyl-2-(α-D-galactopyranosyl)ethylamide,0.00663019969462377,0.01828493370865874,0.08354177487347082,0.13929534185366965,0.18286252100672137,0.22183269081107448,0.2632872672126907,0.012617375805830803,0.21222155243811727,0.029719345172917445
N-Hexyl-2-(α-D-galactopyranosyl)ethylamide,0.006665373684088692,0.017554791151694456,0.0814974735211692,0.13862610465031747,0.17800284047618006,0.2153177748533372,0.25428541269444777,0.01241551181447239,0.2024947526333795,0.028280799685869714
N-Heptyl-2-(α-D-galactopyranosyl)ethylamide,0.00591399055109296,0.016180366309593987,0.08105453934167414,0.13862654623137452,0.17883001537674686,0.21395182842746582,0.2528417594059072,0.011639697281083605,0.20157110038572895,0.026482850329256777
N-Octyl-2-(α-D-galactopyranosyl)ethylamide,0.005826581435308423,0.0160223225598122,0.08287789864687217,0.13801964065226607,0.18142479939169134,0.21705243732753954,0.2549883598882812,0.011076214260016903,0.2036381893852195,0.02530777259101479
N-(4-aminobutyl)-2-(α-D-galactopyranosyl)ethylamide (hydrochloride),0.014091875595587784,0.029588801080219374,0.09075621508784133,0.15848150379901507,0.20692640660681264,0.2627573370011478,0.3310138878751463,0.022105306838338425,0.1892243204058617,0.03505377897621162
N-(4-carboxybutyl)-2-(α-D-galactopyranosyl)ethylamide,0.008095923066381966,0.019637591487218595,0.07872697308762003,0.12938548119822857,0.1735593695909997,0.2158395236945557,0.2612892788596326,0.014781248035278671,0.20574071518424258,0.03510733708589032
N-(5-hydroxypentyl)-2-(α-D-galactopyranosyl)ethylamide,0.008205908821297654,0.020302975999682612,0.08369335613151298,0.13498449145029082,0.18014774521243473,0.22090028739810635,0.26543878942488364,0.015887725916445796,0.2026769377185108,0.036679145308825496
N-(isopropyl)-2-(α-D-galactopyranosyl)ethylamide,0.007596042829344256,0.020373574695074628,0.08186498352603984,0.13743435699302917,0.1818225083399371,0.22582715575918194,0.26812974240263426,0.015026559154152734,0.21851968356127852,0.03388719964897934
N-(isobutyl)-2-(α-D-galactopyranosyl)ethylamide,0.0074430070858157674,0.01893573164124962,0.08341686124653531,0.13702640514557957,0.1831543104595083,0.22271111028289084,0.2661203217631587,0.013857436212859882,0.20931167111319013,0.032140369777236284
N-(sec-butyl)-2-(α-D-galactopyranosyl)ethylamide,0.0062306032147292,0.017329457854128164,0.07955413520329518,0.1365389276467428,0.18110366001939876,0.22010196274548655,0.26059904540688483,0.01266106468211794,0.21061485731382168,0.028118512974716146
N-(1-ethylpropyl)-2-(α-D-galactopyranosyl)ethylamide,0.006890458212259737,0.017480952885926167,0.0805964402510059,0.13660610097212955,0.17770922078183893,0.21598387462252785,0.2560507986665074,0.012634975632521823,0.20187141928540012,0.028465679226861357
N-Cyclopropyl-2-(α-D-galactopyranosyl)ethylamide,0.009027456886037797,0.02037814065478948,0.08111636523463356,0.13442432838807586,0.18231344197923705,0.22595443979328259,0.2697513996749777,0.01573685285668478,0.21489281502878563,0.033968357676749016
N-Cyclopentyl-2-(α-D-galactopyranosyl)ethylamide,0.007481916842565462,0.01806666407980072,0.08078625963425813,0.13783637276177105,0.180635139363731,0.21755472840379972,0.2565814793262235,0.012606058282686558,0.20521452597715226,0.029519177181119252
N-Allyl-2-(α-D-galactopyranosyl)ethylamide,0.008399754713375729,0.020232238097280763,0.0813565340513107,0.13837236780599216,0.18783798384402034,0.23215827170620937,0.27529536095024415,0.015259067259387431,0.22505329083191405,0.034659791146546645
N-Propargyl-2-(α-D-galactopyranosyl)ethylamide,0.007823575879156218,0.023559549440112154,0.08193336163969764,0.13748264869930205,0.18716540063482673,0.2335646388428275,0.2818960335899386,0.016248126019583666,0.2232133614121787,0.03489087487618165
Z-N-(1-propenyl)-2-(α-D-galactopyranosyl)ethylamide,0.007228394091289076,0.018483293532230292,0.08049982436214469,0.13700569126759893,0.1856106526790159,0.22901716353652138,0.2729956500782962,0.013275093316353313,0.2194383637434272,0.032558105451902464
E-N-(1-propenyl)-2-(α-D-galactopyranosyl)ethylamide,0.008168594637903214,0.019939174468447143,0.08125975837321105,0.13974051995692516,0.18925720068241136,0.2316587438610855,0.27820126117585564,0.01482687181348403,0.220556054991296,0.03334553928508105
E-N-(crotyl)-2-(α-D-galactopyranosyl)ethylamide,0.007961144885748075,0.020059550656245363,0.08328818493528965,0.14230512730075817,0.1870303283403807,0.22835714829468717,0.27071087120612186,0.01459568401599119,0.21434793570932778,0.031181058502608057
N-Nonyl-2-(α-D-galactopyranosyl)ethylamide,0.005103068806254253,0.0156282648578162,0.0823505208622809,0.1352319062493361,0.17568499742305993,0.21006004868093023,0.2463321013638937,0.010466228596535208,0.19849653186011815,0.024304545274498518
N-Decyl-2-(α-D-galactopyranosyl)ethylamide,0.004946123764321497,0.015965514755316025,0.08516283102131879,0.14025769848313216,0.1801631532584257,0.2157280138011026,0.2563951848886496,0.009974614047285982,0.20083161903162877,0.02289141100169898
N-Dodecyl-2-(α-D-galactopyranosyl)ethylamide,0.004375476598014743,0.013682955259713334,0.08099305821392443,0.13361534656767846,0.17132478370587167,0.20279325971882273,0.23780806013633904,0.008652051054156102,0.19159924811921628,0.021253917038221267
N-Tetradecyl-2-(α-D-galactopyranosyl)ethylamide,0.0042638956639144574,0.014089865741144434,0.08324869690584577,0.14233353437902227,0.17926575449401688,0.21138047891702588,0.2481255249373158,0.00801662741196446,0.20044396455758628,0.01976399264202091
N-Hexadecyl-2-(α-D-galactopyranosyl)ethylamide,0.00365314176641266,0.014032891952853652,0.08733753677927952,0.14366537612548205,0.18118077273336208,0.213910410489508,0.2507666872190306,0.007629992840053443,0.20209256863146838,0.018759705479325792
"N-(3,5-difluorobenzyl)-D-gluconamide",0.006507276403445586,0.020153453103369225,0.072109943074527,0.13257986786486478,0.18297890711819723,0.22276760448173868,0.2649301350647078,0.01216244036180991,0.21714517896287722,0.029024272472457296
