Name,0,1,2,3,4,5,6,7,8,9,10,11,12,13,14,15,16,17,18,19,20,21,22,23,24,25,26,27,28,29,30,31,32,33,34,35,36,37,38,39,40,41,42,43,44
4-methoxyphenyl ß-d-galactopyranoside,2.91993,1039.05491,-1.38000,-1.12610,286.10525,1.30000,0.22872,0.53846,4,7,0.55693,27.35774,13.42423,4.79124,0.98382,0.53846,-1.38000,0.00129,4.08464,6.38000,3.02382,0.17918,0.90507,0,1,1,0,1,0,1,7,4,7,1,7,4,2,9,0,1,1,0.83637,701.41218,0.20035,108.61000
4-methoxyphenyl ß-d-glucopyranoside,2.91993,1039.05491,-1.38000,-1.12610,286.10525,1.30000,0.22872,0.53846,4,7,0.49022,27.35774,13.42423,4.79124,0.97667,0.53846,-1.38000,0.00118,4.08464,6.38000,3.02382,0.21473,0.89927,0,1,1,0,1,0,1,7,4,7,1,7,4,2,9,0,1,1,0.76051,763.51882,0.18407,108.61000
4-methoxyphenyl α-d-galactopyranoside,2.91993,1039.05491,-1.38000,-1.12610,286.10525,1.30000,0.22872,0.53846,4,7,0.55873,27.35774,13.42423,4.79124,0.98394,0.53846,-1.38000,0.00138,4.08464,6.38000,3.02382,0.17850,0.91419,0,1,1,0,1,0,1,7,4,7,1,7,4,2,9,0,1,1,0.85388,660.10683,0.19770,108.61000
4-methoxyphenyl α-d-glucopyranoside,2.91993,1039.05491,-1.38000,-1.12610,286.10525,1.30000,0.22872,0.53846,4,7,0.48280,27.35774,13.42423,4.79124,0.97562,0.53846,-1.38000,0.00112,4.08464,6.38000,3.02382,0.21947,0.91286,0,1,1,0,1,0,1,7,4,7,1,7,4,2,9,0,1,1,1.02256,811.73801,0.27003,108.61000
4-bromophenyl ß-d-glucopyranoside,2.95217,939.29243,-0.70000,-0.37220,334.00520,1.31579,0.22872,0.50000,4,6,0.63178,23.82745,11.70497,5.36497,0.98975,0.50000,-0.70000,0.00110,4.65538,6.16731,3.24997,0.14283,0.87974,0,1,1,0,1,0,1,6,4,7,1,6,4,2,7,0,1,1,0.65957,803.30071,0.15379,99.38000
4-chlorophenyl β-d-glucopyranoside,2.95217,939.29243,-0.89000,-0.48130,290.05572,1.31579,0.22872,0.50000,4,6,0.53172,23.82745,11.70497,4.94994,0.98136,0.50000,-0.89000,0.00110,4.55675,6.04202,3.16896,0.19216,0.84002,0,1,1,0,1,0,1,6,4,7,1,6,4,2,7,0,1,1,0.68411,762.53727,0.16279,99.38000
4-fluorophenyl ß-d-glucopyranoside,2.95217,939.29243,-1.25000,-0.99560,274.08527,1.31579,0.22872,0.50000,4,6,0.46594,23.82745,11.70497,4.57198,0.97343,0.50000,-1.25000,0.00107,4.37200,5.80669,3.01779,0.22898,0.80769,0,1,1,0,1,0,1,6,4,7,1,6,4,2,7,0,1,1,0.61524,751.86394,0.13994,99.38000
4-hydroxyphenyl ß-d-glucopyranoside,2.94967,951.69595,-1.38000,-1.42910,272.08960,1.26316,0.29309,0.50000,5,7,0.44785,24.85774,12.12836,4.58712,0.97115,0.50000,-1.38000,0.00118,4.06082,5.72238,2.96396,0.23849,0.83876,0,1,1,0,1,0,1,7,5,7,1,7,5,2,8,0,1,1,0.74768,710.84545,0.19049,119.61000
4-methylphenyl ß-d-glucopyranoside,2.97115,1020.91589,-1.18000,-0.82628,270.11034,1.36842,0.22872,0.53846,4,6,0.49700,26.94949,13.26599,4.63299,0.97712,0.53846,-1.18000,0.00145,3.71871,5.85223,3.04695,0.21269,0.93659,0,1,1,0,1,0,1,6,4,6,1,6,4,2,8,0,1,1,0.90876,647.39727,0.23167,99.38000
phenyl ß-d-glucopyranoside,2.95217,933.89579,-1.18000,-1.13470,256.09469,1.27778,0.22872,0.50000,4,6,0.40524,24.44949,12.01599,4.38299,0.96361,0.50000,-1.18000,0.00106,3.68037,5.64026,2.62777,0.26733,0.77507,0,1,1,0,1,0,1,6,4,6,1,6,4,2,7,0,1,1,0.62602,730.98671,0.14191,99.38000
4-(methoxycarbonyl)phenyl ß-d-glucopyranoside,2.90785,1133.33860,-1.71000,-1.34810,314.10017,1.40909,0.33735,0.50000,4,8,0.57637,28.26599,13.87836,5.24537,0.98557,0.50000,-1.71000,0.00095,4.89083,7.03333,3.36829,0.16925,0.86319,0,1,1,0,1,0,1,8,4,8,1,8,4,2,9,0,1,1,0.70837,908.58311,0.11245,125.68000
4-trifluoromethylphenyl ß-d-glucopyranoside,2.97115,1032.61629,-1.39000,-0.11590,324.08207,1.22727,0.41591,0.53846,4,6,0.54100,25.08338,12.33293,5.19994,0.98219,0.53846,-1.39000,0.00107,5.91335,6.38659,3.49944,0.18788,0.91967,0,1,1,0,1,0,1,6,4,9,1,6,4,2,7,0,1,1,0.91580,858.83688,0.27345,99.38000
4-nitrophenyl ß-d-glucopyranoside,2.96840,1032.84442,-1.78000,-1.22650,301.07977,1.38095,0.26920,0.50000,4,9,0.52037,24.71320,12.10474,4.97175,0.98007,0.50000,-1.78000,0.00120,5.14365,6.32782,3.28147,0.19867,0.91461,0,1,1,0,1,0,1,8,4,9,1,9,4,2,8,0,1,1,0.79923,759.79775,0.22158,142.52000
4-bromophenyl ß-d-galactopyranoside,2.95217,939.29243,-0.70000,-0.37220,334.00520,1.31579,0.22872,0.50000,4,6,0.65374,23.82745,11.70497,5.36497,0.99106,0.50000,-0.70000,0.00131,4.65538,6.16731,3.24997,0.13341,0.94057,0,1,1,0,1,0,1,6,4,7,1,6,4,2,7,0,1,1,0.93073,716.96586,0.30305,99.38000
4-chlorophenyl ß-d-galactopyranoside,2.95217,939.29243,-0.89000,-0.48130,290.05572,1.31579,0.22872,0.50000,4,6,0.54758,23.82745,11.70497,4.94994,0.98297,0.50000,-0.89000,0.00127,4.55675,6.04202,3.16896,0.18376,0.89495,0,1,1,0,1,0,1,6,4,7,1,6,4,2,7,0,1,1,0.79636,704.64347,0.22402,99.38000
4-fluorophenyl β-d-galactopyranoside,2.95217,939.29243,-1.25000,-0.99560,274.08527,1.31579,0.22872,0.50000,4,6,0.41582,23.82745,11.70497,4.57198,0.96598,0.50000,-1.25000,0.00117,4.37200,5.80669,3.01779,0.25863,0.88633,0,1,1,0,1,0,1,6,4,7,1,6,4,2,7,0,1,1,0.87330,756.18798,0.28682,99.38000
4-hydroxyphenyl ß-d-galactopyranoside,2.94967,951.69595,-1.38000,-1.42910,272.08960,1.26316,0.29309,0.50000,5,7,0.46319,24.85774,12.12836,4.58712,0.97332,0.50000,-1.38000,0.00116,4.06082,5.72238,2.96396,0.22945,0.84565,0,1,1,0,1,0,1,7,5,7,1,7,5,2,8,0,1,1,0.71699,729.92012,0.17289,119.61000
4-methylphenyl β-d-galactopyranoside,2.97115,1020.91589,-1.18000,-0.82628,270.11034,1.36842,0.22872,0.53846,4,6,0.38220,26.94949,13.26599,4.63299,0.96000,0.53846,-1.18000,0.00110,3.71871,5.85223,3.04695,0.28000,0.86952,0,1,1,0,1,0,1,6,4,6,1,6,4,2,8,0,1,1,0.81519,792.06579,0.23011,99.38000
phenyl β-d-galactopyranoside,2.95217,933.89579,-1.18000,-1.13470,256.09469,1.27778,0.22872,0.50000,4,6,0.40116,24.44949,12.01599,4.38299,0.96362,0.50000,-1.18000,0.00120,3.68037,5.64026,2.62777,0.26728,0.83356,0,1,1,0,1,0,1,6,4,6,1,6,4,2,7,0,1,1,0.84401,696.73750,0.24622,99.38000
methyl 4-(β-d-galactopyranosyloxy)benzoate,2.90785,1133.33860,-1.71000,-1.34810,314.10017,1.40909,0.33735,0.50000,4,8,0.55792,28.26599,13.87836,5.24537,0.98364,0.50000,-1.71000,0.00118,4.89083,7.03333,3.36829,0.18014,0.94337,0,1,1,0,1,0,1,8,4,8,1,8,4,2,9,0,1,1,0.83423,797.55891,0.19324,125.68000
4-acetamidophenyl β-d-galactopyranoside,2.92706,1170.53967,-1.71000,-1.17630,313.11615,1.50000,0.22872,0.50000,5,8,0.55793,29.30495,14.36454,5.28433,0.98396,0.50000,-1.71000,0.00097,4.65106,7.03333,3.72935,0.17836,0.88595,0,1,1,1,1,0,1,7,5,8,1,8,5,2,9,0,1,1,0.78638,917.53768,0.13553,128.48000
4-(trifluoromethyl)phenyl β-d-galactopyranoside,2.97115,1032.61629,-1.39000,-0.11590,324.08207,1.22727,0.41591,0.53846,4,6,0.53986,25.08338,12.33293,5.19994,0.98209,0.53846,-1.39000,0.00103,5.91335,6.38659,3.49944,0.18842,0.91797,0,1,1,0,1,0,1,6,4,9,1,6,4,2,7,0,1,1,0.79433,894.09369,0.21213,99.38000
4-nitrophenyl β-d-galactopyranoside,2.96840,1032.84442,-1.78000,-1.22650,301.07977,1.38095,0.26920,0.50000,4,9,0.59488,24.71320,12.10474,4.97175,0.98669,0.50000,-1.78000,0.00149,5.14365,6.32782,3.28147,0.16259,0.96526,0,1,1,0,1,0,1,8,4,9,1,9,4,2,8,0,1,1,0.83102,648.58843,0.24305,142.52000
3-methylphenyl ß-d-glucopyranoside,3.00942,1050.16589,-1.18000,-0.82628,270.11034,1.47368,0.22872,0.53846,4,6,0.27312,26.94949,13.26599,4.63299,0.93232,0.53846,-1.18000,0.00090,3.71871,5.85223,3.04695,0.36164,0.83985,0,1,1,0,1,0,1,6,4,6,1,6,4,2,8,0,1,1,0.84105,934.96287,0.26717,99.38000
3-methoxyphenyl ß-d-glucopyranoside,2.96447,1068.30491,-1.38000,-1.12610,286.10525,1.40000,0.22872,0.53846,4,7,0.41799,27.35774,13.42423,4.79124,0.96643,0.53846,-1.38000,0.00102,4.08464,6.38000,3.02382,0.25693,0.87623,0,1,1,0,1,0,1,7,4,7,1,7,4,2,9,0,1,1,0.80698,862.22004,0.19687,108.61000
3-hydroxyphenyl ß-d-glucopyranoside,2.96376,980.94595,-1.38000,-1.42910,272.08960,1.36842,0.29310,0.50000,5,7,0.42867,24.85774,12.12836,4.58712,0.96678,0.50000,-1.38000,0.00141,4.06082,5.72238,2.96396,0.25561,0.96067,0,1,1,0,1,0,1,7,5,7,1,7,5,2,8,0,1,1,0.86788,682.71600,0.29057,119.61000
3-bromophenyl β-d-galactopyranoside,2.95217,939.29243,-0.70000,-0.37220,334.00520,1.42105,0.22872,0.50000,4,6,0.36275,23.82745,11.70497,5.36497,0.95574,0.50000,-0.70000,0.00083,4.65538,6.16731,3.24997,0.29421,0.89047,0,1,1,0,1,0,1,6,4,7,1,6,4,2,7,0,1,1,1.07391,1069.42396,0.45997,99.38000
2-bromophenyl β-d-galactopyranoside,2.95217,939.29243,-0.70000,-0.37220,334.00520,1.36842,0.22878,0.50000,4,6,0.25642,23.82745,11.70497,5.36497,0.92481,0.50000,-0.70000,0.00065,4.65538,6.16731,3.07338,0.38043,0.75348,0,1,1,0,1,0,1,6,4,7,1,6,4,2,7,0,1,1,0.73542,1159.95727,0.19212,99.38000
3-acetamidophenyl ß-d-galactopyranoside,2.99225,1199.78967,-1.71000,-1.17630,313.11615,1.59091,0.22872,0.50000,5,8,0.37403,29.30495,14.36454,5.28433,0.95785,0.50000,-1.71000,0.00080,4.65106,7.03333,3.72935,0.28728,0.90615,0,1,1,1,1,0,1,7,5,8,1,8,5,2,9,0,1,1,0.89325,1130.96726,0.24266,128.48000
4-trifluoromethoxyphenyl ß-d-glucopyranoside,2.91993,1050.75531,-1.59000,-0.23610,340.07699,1.17391,0.57260,0.53846,4,7,0.69259,25.49163,12.49118,5.35819,0.99313,0.53846,-1.59000,0.00134,6.37276,6.88876,4.45387,0.11705,0.97168,0,1,1,0,1,0,1,7,4,10,1,7,4,2,8,0,1,1,0.92649,727.11218,0.22849,108.61000
phenyl alpha-d-glucopyranoside,2.95217,933.89579,-1.18000,-1.13470,256.09469,1.27778,0.22872,0.50000,4,6,0.27848,24.44949,12.01599,4.38299,0.93409,0.50000,-1.18000,0.00103,3.68037,5.64026,2.62777,0.35705,0.82609,0,1,1,0,1,0,1,6,4,6,1,6,4,2,7,0,1,1,1.03330,802.89873,0.39346,99.38000
4-fluorophenyl alpha-d-glucopyranoside,2.95217,939.29243,-1.25000,-0.99560,274.08527,1.31579,0.22872,0.50000,4,6,0.45603,23.82745,11.70497,4.57198,0.97128,0.50000,-1.25000,0.00138,4.37200,5.80669,3.01779,0.23793,0.95368,0,1,1,0,1,0,1,6,4,7,1,6,4,2,7,0,1,1,1.01994,691.16021,0.36456,99.38000
4-bromophenyl alpha-d-glucopyranoside,2.95217,939.29243,-0.70000,-0.37220,334.00520,1.31579,0.22872,0.50000,4,6,0.65190,23.82745,11.70497,5.36497,0.99088,0.50000,-0.70000,0.00137,4.65538,6.16731,3.24997,0.13472,0.95396,0,1,1,0,1,0,1,6,4,7,1,6,4,2,7,0,1,1,0.95807,694.35873,0.32651,99.38000
4-ethoxyphenyl β-d-glucopyranoside,2.89870,1133.08971,-1.38000,-0.73600,300.12090,1.28571,0.22872,0.57143,4,7,0.48189,29.85774,14.67423,5.04124,0.97567,0.57143,-1.38000,0.00097,4.12267,7.05752,3.63416,0.21923,0.89271,0,1,1,0,1,0,1,7,4,7,1,7,4,2,10,0,1,1,0.87449,922.77187,0.19013,108.61000
4-propoxyphenyl β-d-glucopyranoside,2.88385,1228.22064,-1.38000,-0.34590,314.13655,1.27273,0.22872,0.60000,4,7,0.53152,32.35774,15.92423,5.29124,0.98121,0.60000,-1.38000,0.00104,4.17172,7.75333,3.87585,0.19294,0.92078,0,1,1,0,1,0,1,7,4,7,1,7,4,2,11,0,1,1,0.97981,882.76972,0.21928,108.61000
2-methoxyphenyl β-d-glucopyranoside,3.01279,1068.30491,-1.38000,-1.12610,286.10525,1.35000,0.22893,0.53846,4,7,0.27060,27.35774,13.42423,4.79124,0.92990,0.53846,-1.38000,0.00097,4.08464,6.38000,2.86520,0.36782,0.91099,0,1,1,0,1,0,1,7,4,7,1,7,4,2,9,0,1,1,0.96658,935.03899,0.36512,108.61000
4-trifluoromethoxyphenyl ß-d-galactopyranoside,2.91993,1050.75531,-1.59000,-0.23610,340.07699,1.17391,0.57260,0.53846,4,7,0.67389,25.49163,12.49118,5.35819,0.99227,0.53846,-1.59000,0.00118,6.37276,6.88876,4.45387,0.12412,0.93218,0,1,1,0,1,0,1,7,4,10,1,7,4,2,8,0,1,1,0.78967,789.60448,0.15931,108.61000
2-acetamidophenyl β-d-galactopyranoside,3.06382,1199.78967,-1.71000,-1.17630,313.11615,1.54545,0.22884,0.50000,5,8,0.24267,29.30495,14.36454,5.28433,0.92118,0.50000,-1.71000,0.00071,4.65106,7.03333,3.54193,0.38915,0.85379,0,1,1,1,1,0,1,7,5,8,1,8,5,2,9,0,1,1,0.96230,1210.38590,0.32885,128.48000
ethyl 4-(β-d-galactopyranosyloxy)benzoate,2.87299,1228.65545,-1.71000,-0.95800,328.11582,1.39130,0.33761,0.53333,4,8,0.65373,30.76599,15.12836,5.49537,0.99073,0.53333,-1.71000,0.00123,4.90077,7.71144,3.98125,0.13586,0.99270,0,1,1,0,1,0,1,8,4,8,1,8,4,2,10,0,1,1,0.95345,804.22565,0.18815,125.68000
isopropyl 4-(ß-d-glucopyranosyloxy)benzoate,2.89185,1307.47649,-1.71000,-0.56950,342.13147,1.41667,0.33788,0.56250,4,8,0.59620,33.26599,16.37836,5.74537,0.98693,0.56250,-1.71000,0.00092,4.92557,7.90883,4.22154,0.16118,0.95132,0,1,1,0,1,0,1,8,4,8,1,8,4,2,11,0,1,1,0.95328,1029.25106,0.17994,125.68000
ethyl 4-(β-d-glucopyranosyloxy)benzoate,2.87299,1228.65545,-1.71000,-0.95800,328.11582,1.39130,0.33761,0.53333,4,8,0.57873,30.76599,15.12836,5.49537,0.98579,0.53333,-1.71000,0.00087,4.90077,7.71144,3.98125,0.16801,0.87070,0,1,1,0,1,0,1,8,4,8,1,8,4,2,10,0,1,1,0.67411,995.93659,0.09242,125.68000
4-pentanamidophenyl β-d-glucopyranoside,2.88430,1460.41837,-1.71000,-0.00600,355.16310,1.44000,0.22872,0.58824,5,8,0.63887,36.80495,18.11454,6.03433,0.99010,0.58824,-1.71000,0.00088,4.76291,9.11662,5.13096,0.14037,0.94344,0,1,1,1,1,0,1,7,5,8,1,8,5,2,12,0,1,1,0.88043,1067.43777,0.13311,128.48000
methyl 3-(β-d-galactopyranosyloxy)benzoate,2.96628,1162.58860,-1.71000,-1.34810,314.10017,1.50000,0.33748,0.50000,4,8,0.32133,28.26599,13.87836,5.24537,0.94620,0.50000,-1.71000,0.00063,4.89083,7.03333,3.36829,0.32358,0.79994,0,1,1,0,1,0,1,8,4,8,1,8,4,2,9,0,1,1,0.80014,1264.42970,0.22062,125.68000
4-methoxyphenyl ß-d-xylopyranoside,2.77440,930.38602,-1.34000,-0.48700,256.09469,1.38889,0.22838,0.50000,3,6,0.55065,24.44949,12.06186,4.33712,0.98255,0.50000,-1.34000,0.00184,3.60604,5.53444,2.72906,0.18599,0.97490,0,1,1,0,1,0,1,6,3,6,1,6,3,2,7,0,1,1,0.91615,530.02773,0.26302,88.38000
4-methoxyphenyl ß-d-mannopyranoside,2.91993,1039.05491,-1.38000,-1.12610,286.10525,1.30000,0.22872,0.53846,4,7,0.61955,27.35774,13.42423,4.79124,0.98850,0.53846,-1.38000,0.00173,4.08464,6.38000,3.02382,0.15122,0.97765,0,1,1,0,1,0,1,7,4,7,1,7,4,2,9,0,1,1,0.89228,566.28266,0.20855,108.61000
4-methoxyphenyl α-d-mannopyranoside,2.91993,1039.05491,-1.38000,-1.12610,286.10525,1.30000,0.22872,0.53846,4,7,0.51376,27.35774,13.42423,4.79124,0.97868,0.53846,-1.38000,0.00141,4.08464,6.38000,3.02382,0.20538,0.96616,0,1,1,0,1,0,1,7,4,7,1,7,4,2,9,0,1,1,0.99539,683.52327,0.29871,108.61000
4-(β-d-glucopyranosyloxy)-benzoic acid,2.95677,1044.60335,-1.71000,-1.43650,300.08452,1.33333,0.33518,0.46154,5,8,0.58936,25.76599,12.58248,5.04124,0.98641,0.46154,-1.71000,0.00133,4.89988,6.37331,3.31044,0.16433,0.94648,0,1,1,0,1,0,1,8,5,8,1,8,5,2,8,0,1,1,0.94747,712.28987,0.23794,136.68000
4-(β-d-galactopyranosyloxy)-benzoic acid,2.95677,1044.60335,-1.71000,-1.43650,300.08452,1.33333,0.33518,0.46154,5,8,0.54474,25.76599,12.58248,5.04124,0.98273,0.46154,-1.71000,0.00112,4.89988,6.37331,3.31044,0.18507,0.88285,0,1,1,0,1,0,1,8,5,8,1,8,5,2,8,0,1,1,0.72663,787.62459,0.14846,136.68000
benzyl β-d-glucopyranoside,2.93503,1026.42566,-1.02000,-0.99690,270.11034,1.26316,0.21085,0.53846,4,6,0.33391,26.94949,13.26599,4.63299,0.94926,0.53846,-1.02000,0.00109,3.79080,6.42411,3.30000,0.31448,0.87912,0,1,1,0,1,0,1,6,4,6,1,6,4,2,8,0,1,1,0.99193,809.05292,0.32251,99.38000
n-phenyl ß-d-glucopyranoside,3.04838,969.67922,-1.18000,-1.10160,255.11067,1.33333,0.21082,0.50000,5,6,0.27569,25.48846,12.50217,4.42196,0.93319,0.50000,-1.18000,0.00100,3.47201,5.64026,2.62777,0.35939,0.83200,0,1,1,0,1,0,1,6,5,6,1,6,5,2,7,0,1,1,1.05263,827.99753,0.40277,102.18000
s-phenyl-1-thio-β-d-glucopyranoside,2.95217,937.79593,-0.63000,-0.42140,272.07184,1.27778,0.21076,0.50000,4,5,0.30968,24.44949,12.01599,5.19949,0.94288,0.50000,-0.63000,0.00110,3.94038,6.00835,2.85020,0.33313,0.88136,0,1,1,0,1,0,1,6,4,6,1,5,4,2,7,0,1,1,0.86708,804.29618,0.29037,90.15000
4-methoxybenzyl ß-d-glucopyranoside,2.91187,1133.08971,-1.22000,-0.98830,300.12090,1.33333,0.21085,0.57143,4,7,0.41378,29.85774,14.67423,5.04124,0.96504,0.57143,-1.22000,0.00094,4.19491,7.16766,3.70472,0.26212,0.92558,0,1,1,0,1,0,1,7,4,7,1,7,4,2,10,0,1,1,1.06056,986.77291,0.31505,108.61000
n-(4-methoxyphenyl)-1-ß-d-glucopyranoside,3.01584,1075.57680,-1.38000,-1.09300,285.12124,1.45000,0.21082,0.53846,5,7,0.50254,28.39670,13.91041,4.83021,0.97806,0.53846,-1.38000,0.00130,3.87585,6.38000,3.02382,0.20834,0.91247,0,1,1,0,1,0,1,7,5,7,1,7,5,2,9,0,1,1,0.80447,702.43072,0.19728,111.41000
4-methoxyphenyl-1-thio-ß-d-glucopyranoside,2.91993,1043.19662,-0.83000,-0.41280,302.08241,1.40000,0.21076,0.53846,4,6,0.33746,27.35774,13.42423,5.60774,0.95047,0.53846,-0.83000,0.00080,4.34398,6.75028,3.24942,0.31083,0.83757,0,1,1,0,1,0,1,7,4,7,1,6,4,2,9,0,1,1,0.94724,1051.20590,0.26335,99.38000
"1,4-bis-(ß-d-glucopyranosyl)benzene",2.65853,1479.78711,-1.18000,-3.28360,402.15260,0.71429,0.21074,0.66667,8,10,0.59996,39.08248,19.21548,6.94949,0.98686,0.66667,-1.18000,0.00077,5.94967,8.67494,3.80708,0.16159,0.98825,0,2,2,0,1,0,1,10,8,10,2,10,8,3,12,0,2,2,1.18125,1287.28727,0.25907,180.30000
"1,4-bis-(ß-d-galactopyranosyl)benzene",2.65853,1479.78711,-1.18000,-3.28360,402.15260,0.71429,0.21074,0.66667,8,10,0.63785,39.08248,19.21548,6.94949,0.98968,0.66667,-1.18000,0.00084,5.94967,8.67494,3.80708,0.14327,0.99109,0,2,2,0,1,0,1,10,8,10,2,10,8,3,12,0,2,2,1.00702,1185.74947,0.20439,180.30000
1-o-(ß-d-glucopyranosyl)-4-o-(ß-d-galactopyranosyl)benzene,2.65853,1479.78711,-1.18000,-3.28360,402.15260,0.71429,0.21074,0.66667,8,10,0.64590,39.08248,19.21548,6.94949,0.99024,0.66667,-1.18000,0.00086,5.94967,8.67494,3.80708,0.13934,0.98944,0,2,2,0,1,0,1,10,8,10,2,10,8,3,12,0,2,2,1.12303,1144.31989,0.22466,180.30000
"1,3-bis-(ß-d-glucopyranosyl)benzene",2.75420,1512.78711,-1.18000,-3.28360,402.15260,0.78571,0.21074,0.66667,8,10,0.35612,39.08248,19.21548,6.94949,0.95428,0.66667,-1.18000,0.00051,5.94967,8.67494,3.80708,0.29890,0.89052,0,2,2,0,1,0,1,10,8,10,2,10,8,3,12,0,2,2,1.22374,1733.06832,0.32757,180.30000
6-o-(4-methoxyphenyl)-d-glucopyranoside,2.81833,1045.05491,-1.38000,-1.12610,286.10525,1.25000,0.21346,0.53846,4,7,0.62285,27.35774,13.42423,4.79124,0.98904,0.53846,-1.38000,0.00158,4.08464,6.38000,3.19599,0.14768,0.93677,0,1,1,0,1,0,1,7,4,7,1,7,4,2,9,0,1,1,0.84650,594.73006,0.16805,108.61000
(4-pyridinyl) β-d-glucopyranoside,2.93290,896.56290,-1.25000,-1.73970,257.08994,1.38889,0.22872,0.54545,4,7,0.41247,23.39670,11.46320,4.33021,0.96523,0.54545,-1.25000,0.00141,3.87394,5.59389,2.60001,0.26141,0.90080,0,1,1,0,0,1,1,7,4,7,2,7,4,2,7,0,1,1,0.82374,637.67552,0.27848,112.27000
4-methoxyphenyl-6-o-(α-d-galactopyranosyl) β-d-glucopyranoside,2.47630,1733.28354,-1.58000,-3.30190,448.15808,0.90323,0.22872,0.68421,7,12,0.56360,42.39898,20.82785,7.47011,0.98429,0.68421,-1.58000,0.00055,6.73016,10.35773,5.25860,0.17658,0.92992,0,2,2,0,1,0,1,12,7,12,2,12,7,3,15,0,2,2,0.97411,1691.57607,0.18972,187.76000
4-methoxyphenyl-6-o-(α-d-glucopyranosyl) ß-d-glucopyranoside,2.47630,1733.28354,-1.58000,-3.30190,448.15808,0.90323,0.22872,0.68421,7,12,0.18025,42.39898,20.82785,7.47011,0.88700,0.68421,-1.58000,0.00022,6.73016,10.35773,5.25860,0.46177,0.73413,0,2,2,0,1,0,1,12,7,12,2,12,7,3,15,0,2,2,1.13717,3335.97316,0.27765,187.76000
4-methoxyphenyl-6-o-(ß-d-glucopyranosyl) ß-d-glucopyranoside,2.47630,1733.28354,-1.58000,-3.30190,448.15808,0.90323,0.22872,0.68421,7,12,0.64330,42.39898,20.82785,7.47011,0.99008,0.68421,-1.58000,0.00070,6.73016,10.35773,5.25860,0.14048,0.98807,0,2,2,0,1,0,1,12,7,12,2,12,7,3,15,0,2,2,1.22492,1420.22347,0.23373,187.76000
4-methoxyphenyl-4-o-(ß-d-galactopyranosyl) ß-d-glucopyranoside,2.55322,1727.28354,-1.58000,-3.30190,448.15808,0.90323,0.22872,0.68421,7,12,0.47348,42.39898,20.82785,7.47011,0.97378,0.68421,-1.58000,0.00047,6.73016,10.35773,5.09146,0.22750,0.95383,0,2,2,0,1,0,1,12,7,12,2,12,7,3,15,0,2,2,1.19231,2036.52910,0.27475,187.76000
2-amino β-d-galactopyranoside,3.01199,1015.08689,-1.38000,-1.55250,271.10559,1.42105,0.22884,0.50000,6,7,0.42800,25.89670,12.63402,4.60660,0.96815,0.50000,-1.38000,0.00119,3.83601,5.72238,2.79987,0.25039,0.84140,0,1,1,0,1,0,1,7,5,7,1,7,6,2,8,0,1,1,0.72306,704.67297,0.16558,125.40000
2-amino-3-(β-d-galactopyranosyloxy)-benzoic acid,3.08030,1126.78273,-1.91000,-1.85430,315.09542,1.50000,0.33744,0.46154,7,9,0.38575,27.21320,13.20052,5.26485,0.96068,0.46154,-1.91000,0.00089,5.04626,6.46311,2.98239,0.27766,0.87107,0,1,1,0,1,0,1,9,6,9,1,9,7,2,9,0,1,1,0.87346,982.30928,0.24838,162.70000
2-amino-3-(β-d-glucopyranosyloxy)-benzoic acid,3.08030,1126.78273,-1.91000,-1.85430,315.09542,1.50000,0.33744,0.46154,7,9,0.48554,27.21320,13.20052,5.26485,0.97617,0.46154,-1.91000,0.00098,5.04626,6.46311,2.98239,0.21701,0.88676,0,1,1,0,1,0,1,9,6,9,1,9,7,2,9,0,1,1,0.75321,907.14432,0.18395,162.70000
4-aminophenyl β-d-glucopyranoside,2.95639,985.83689,-1.38000,-1.55250,271.10559,1.36842,0.22872,0.50000,6,7,0.54437,25.89670,12.63402,4.60660,0.98237,0.50000,-1.38000,0.00163,3.83601,5.72238,2.96396,0.18697,0.93863,0,1,1,0,1,0,1,7,5,7,1,7,6,2,8,0,1,1,0.90340,576.72634,0.25213,125.40000
4-acetamidophenyl β-d-glucopyranoside,2.92706,1170.53967,-1.71000,-1.17630,313.11615,1.50000,0.22872,0.50000,5,8,0.55047,29.30495,14.36454,5.28433,0.98266,0.50000,-1.71000,0.00109,4.65106,7.03333,3.72935,0.18540,0.96547,0,1,1,1,1,0,1,7,5,8,1,8,5,2,9,0,1,1,0.96452,881.77157,0.22749,128.48000
"n-(2,2,3,3,4,4,4-heptafluoro)butyl-d-gluconamide",7.31206,876.12291,-1.22000,-1.62860,377.07093,1.12500,0.45944,0.90000,6,7,0.39699,24.54245,11.48329,4.99483,0.96202,0.90000,-1.22000,0.00074,8.44090,7.77481,4.88882,0.27296,0.92344,0,0,0,1,0,0,0,6,6,14,0,7,6,0,13,0,0,0,0.96034,1240.33082,0.29555,130.25000
n-phenyl-d-gluconamide,3.96987,974.37148,-1.51000,-1.93900,271.10559,1.36842,0.25553,0.41667,6,7,0.24601,25.89670,12.41041,4.42196,0.92223,0.41667,-1.51000,0.00076,3.99802,7.17063,4.26553,0.38664,0.79178,0,0,0,1,1,0,1,6,6,7,0,7,6,1,11,0,0,0,0.84086,1044.75088,0.24660,130.25000
n-3-fluorophenyl-d-gluconamide,3.96987,979.85835,-1.58000,-1.79990,289.09617,1.50000,0.25553,0.41667,6,7,0.37291,25.27467,12.09940,4.61094,0.95791,0.41667,-1.58000,0.00079,4.71807,7.26848,4.21914,0.28708,0.79489,0,0,0,1,1,0,1,6,6,8,0,7,6,1,11,0,0,0,0.75366,1006.14216,0.19241,130.25000
n-4-fluorophenyl-d-gluconamide,3.96987,979.85835,-1.58000,-1.79990,289.09617,1.40000,0.25553,0.41667,6,7,0.51251,25.27467,12.09940,4.61094,0.97912,0.41667,-1.58000,0.00131,4.71807,7.26848,4.21914,0.20330,0.92274,0,0,0,1,1,0,1,6,6,8,0,7,6,1,11,0,0,0,0.82415,702.23223,0.25759,130.25000
n-benzyl-d-gluconamide,3.98317,1067.40799,-1.51000,-2.26130,285.12124,1.35000,0.25143,0.46154,6,7,0.10704,28.39670,13.66041,4.67196,0.79691,0.46154,-1.51000,0.00048,4.02426,7.92964,4.54961,0.60409,0.66138,0,0,0,1,1,0,1,6,6,7,0,7,6,1,12,0,0,0,0.98269,1390.91389,0.39376,130.25000
n-2-fluorobenzyl-d-gluconamide,3.98317,1073.05996,-1.58000,-2.12220,303.11182,1.42857,0.25143,0.46154,6,7,0.21100,27.77467,13.34940,4.86094,0.90728,0.46154,-1.58000,0.00078,4.70566,8.00793,4.72509,0.42053,0.86137,0,0,0,1,1,0,1,6,6,8,0,7,6,1,12,0,0,0,1.04265,1100.32941,0.45918,130.25000
n-3-fluorobenzyl-d-gluconamide,3.98317,1073.05996,-1.58000,-2.12220,303.11182,1.47619,0.25143,0.46154,6,7,0.14064,27.77467,13.34940,4.86094,0.86426,0.46154,-1.58000,0.00068,4.70566,8.00793,5.03064,0.50305,0.83128,0,0,0,1,1,0,1,6,6,8,0,7,6,1,12,0,0,0,1.08184,1226.45582,0.46467,130.25000
n-4-fluorobenzyl-d-gluconamide,3.98317,1073.05996,-1.58000,-2.12220,303.11182,1.38095,0.25143,0.46154,6,7,0.21932,27.77467,13.34940,4.86094,0.91149,0.46154,-1.58000,0.00079,4.70566,8.00793,5.03064,0.41132,0.83706,0,0,0,1,1,0,1,6,6,8,0,7,6,1,12,0,0,0,1.05108,1057.60462,0.46672,130.25000
n-2-phenylethyl-d-gluconamide,4.00079,1161.60373,-1.51000,-2.21880,299.13689,1.33333,0.25117,0.50000,6,7,0.41879,30.89670,14.91041,4.92196,0.96667,0.50000,-1.51000,0.00082,4.06434,8.70516,5.40833,0.25604,0.84646,0,0,0,1,1,0,1,6,6,7,0,7,6,1,13,0,0,0,0.96547,1030.28532,0.26011,130.25000
n-2-(2-fluoro)phenylethyl-d-gluconamide,4.00079,1167.40383,-1.58000,-2.07970,317.12747,1.40909,0.25117,0.50000,6,7,0.10213,30.27467,14.59940,5.11094,0.82246,0.50000,-1.58000,0.00052,4.71370,8.76382,5.00464,0.56883,0.76983,0,0,0,1,1,0,1,6,6,8,0,7,6,1,13,0,0,0,1.09778,1472.10718,0.44344,130.25000
n-2-(3-fluoro)phenylethyl-d-gluconamide,4.00079,1167.40383,-1.58000,-2.07970,317.12747,1.45455,0.25117,0.50000,6,7,0.27510,30.27467,14.59940,5.11094,0.93284,0.50000,-1.58000,0.00073,4.71370,8.76382,5.31814,0.36028,0.85523,0,0,0,1,1,0,1,6,6,8,0,7,6,1,13,0,0,0,1.03102,1174.63589,0.33028,130.25000
n-2-(4-fluoro)phenylethyl-d-gluconamide,4.00079,1167.40383,-1.58000,-2.07970,317.12747,1.36364,0.25117,0.50000,6,7,0.24627,30.27467,14.59940,5.11094,0.92125,0.50000,-1.58000,0.00055,4.71370,8.76382,5.31814,0.38897,0.75983,0,0,0,1,1,0,1,6,6,8,0,7,6,1,13,0,0,0,0.98115,1382.26650,0.31332,130.25000
"n-2,5-difluorobenzyl-d-gluconamide",3.98317,1076.63174,-1.65000,-1.98310,321.10239,1.40909,0.25143,0.46154,6,7,0.53294,27.15263,13.03838,5.04992,0.98111,0.46154,-1.65000,0.00108,5.46192,8.10675,4.68146,0.19347,0.94599,0,0,0,1,1,0,1,6,6,9,0,7,6,1,12,0,0,0,0.96466,871.95614,0.27220,130.25000
n-4-bromophenyl-d-gluconamide,3.96987,979.85835,-1.03000,-1.17650,349.01610,1.40000,0.25553,0.41667,6,7,0.61163,25.27467,12.09940,5.40394,0.98807,0.41667,-1.03000,0.00116,5.00924,7.67305,4.51242,0.15399,0.95863,0,0,0,1,1,0,1,6,6,8,0,7,6,1,11,0,0,0,1.05255,827.38148,0.37836,130.25000
n-2-fluorophenyl-d-gluconamide,3.96987,979.85835,-1.58000,-1.79990,289.09617,1.45000,0.25561,0.41667,6,7,0.27692,25.27467,12.09940,4.61094,0.93346,0.41667,-1.58000,0.00090,4.71807,7.26848,3.95485,0.35869,0.85353,0,0,0,1,1,0,1,6,6,8,0,7,6,1,11,0,0,0,0.87123,943.18957,0.31112,130.25000
"n-3,5-difluorophenyl-d-gluconamide",3.96987,983.25499,-1.65000,-1.66080,307.08674,1.33333,0.25553,0.41667,6,7,0.42243,24.65263,11.78838,4.79992,0.96726,0.41667,-1.65000,0.00084,5.52204,7.38449,4.68730,0.25379,0.85094,0,0,0,1,1,0,1,6,6,9,0,7,6,1,11,0,0,0,0.78854,1013.27330,0.19996,130.25000
n-3-bromophenyl-d-gluconamide,3.96987,979.85835,-1.03000,-1.17650,349.01610,1.50000,0.25553,0.41667,6,7,0.27900,25.27467,12.09940,5.40394,0.93421,0.41667,-1.03000,0.00057,5.00924,7.67305,4.51242,0.35671,0.84425,0,0,0,1,1,0,1,6,6,8,0,7,6,1,11,0,0,0,0.99547,1489.82430,0.33865,130.25000
"n-2,6-difluorobenzyl-d-gluconamide",3.98317,1076.63174,-1.65000,-1.98310,321.10239,1.36364,0.25143,0.46154,6,7,0.22783,27.15263,13.03838,5.04992,0.91136,0.46154,-1.65000,0.00083,5.46192,8.10675,4.42035,0.41161,0.94234,0,0,0,1,1,0,1,6,6,9,0,7,6,1,12,0,0,0,1.01562,1129.20038,0.38964,130.25000
n-4-methoxyphenyl-d-gluconamide,3.97604,1080.18153,-1.71000,-1.93040,301.11615,1.47619,0.25553,0.46154,6,8,0.65680,28.80495,13.81866,4.83021,0.99098,0.46154,-1.71000,0.00153,4.40138,7.91084,4.65500,0.13403,0.98620,0,0,0,1,1,0,1,7,6,8,0,8,6,1,13,0,0,0,0.73983,645.67082,0.14565,139.48000
n-4-methoxybenzyl-d-gluconamide,3.99672,1174.68138,-1.71000,-2.25270,315.13180,1.45455,0.25143,0.50000,6,8,0.14956,31.30495,15.06866,5.08021,0.86934,0.50000,-1.71000,0.00057,4.42850,8.66468,4.93374,0.49422,0.77595,0,0,0,1,1,0,1,7,6,8,0,8,6,1,14,0,0,0,1.06538,1366.54079,0.40307,139.48000
n-4-methylbenzyl-d-gluconamide,4.03858,1156.09395,-1.51000,-1.95288,299.13689,1.42857,0.25143,0.50000,6,7,0.61166,30.89670,14.91041,4.92196,0.98805,0.50000,-1.51000,0.00135,4.06434,8.06033,5.07029,0.15411,0.96122,0,0,0,1,1,0,1,6,6,7,0,7,6,1,13,0,0,0,0.93770,712.52831,0.21114,130.25000
n-2-methoxybenzyl-d-gluconamide,4.09943,1203.93138,-1.71000,-2.25270,315.13180,1.50000,0.25143,0.50000,6,8,0.38990,31.30495,15.06866,5.08021,0.96154,0.50000,-1.71000,0.00080,4.42850,8.66468,4.65017,0.27467,0.86025,0,0,0,1,1,0,1,7,6,8,0,8,6,1,14,0,0,0,0.98195,1072.39741,0.27709,139.48000
n-2-methoxyphenyl-d-gluconamide,4.08918,1109.43153,-1.71000,-1.93040,301.11615,1.52381,0.25563,0.46154,6,8,0.48499,28.80495,13.81866,4.83021,0.97586,0.46154,-1.71000,0.00101,4.40138,7.91084,4.37954,0.21840,0.91659,0,0,0,1,1,0,1,7,6,8,0,8,6,1,13,0,0,0,0.81183,909.86403,0.18493,139.48000
2-phenylhydrazide-d-gluconic acid,3.87450,1026.60933,-1.71000,-2.43440,286.11649,1.35000,0.26944,0.41667,7,8,0.30381,27.34392,13.05763,4.62196,0.94116,0.41667,-1.71000,0.00091,4.15174,7.77646,4.43912,0.33795,0.88417,0,0,0,1,1,0,1,7,7,8,0,8,7,1,12,0,0,0,0.89804,966.74630,0.27584,142.28000
2-(2-fluoro)phenylhydrazide-d-gluconic acid,3.87450,1032.18112,-1.78000,-2.29530,304.10706,1.42857,0.26944,0.41667,7,8,0.56604,26.72188,12.74661,4.81094,0.98412,0.41667,-1.78000,0.00127,4.86355,7.85867,4.61742,0.17749,0.96908,0,0,0,1,1,0,1,7,7,9,0,8,7,1,12,0,0,0,0.84472,763.65228,0.18558,142.28000
n-1-naphthyl-d-gluconamide,3.02908,1392.53829,-2.03000,-0.78580,321.12124,1.21739,0.25555,0.31250,6,7,0.57840,29.89670,14.66041,5.67196,0.98545,0.31250,-2.03000,0.00115,4.98222,7.49256,3.84187,0.16998,0.94950,0,0,0,1,2,0,2,6,6,7,0,7,6,2,11,0,0,0,0.71089,822.67377,0.14099,130.25000
1-deoxy-1-[(2-fluorophenylmethyl)amino]-d-glucitol,4.10310,1072.32662,-1.09000,-1.64880,289.13255,1.30000,0.21072,0.53846,6,6,0.21076,29.36642,14.14527,4.65682,0.90690,0.53846,-1.09000,0.00071,4.00645,8.25345,4.78466,0.42134,0.78712,0,0,0,0,1,0,1,6,6,7,0,6,6,1,13,0,0,0,0.92151,1115.51671,0.33443,113.18000
"1,4-bis-(d-gluconamide)benzene",4.21347,1597.25375,-2.24000,-5.56460,464.16422,0.78125,0.25553,0.55556,12,14,0.64890,42.79341,20.32083,7.34392,0.99079,0.55556,-2.24000,0.00055,7.37830,12.70887,7.41999,0.13540,0.93211,0,0,0,2,1,0,1,12,12,14,0,14,12,1,22,0,0,0,0.91339,1700.50367,0.11753,260.50000
n-octyl-d-galactonamide ,7.65904,1227.32424,-0.73000,-1.10100,307.19949,1.23810,0.25116,0.92857,6,7,0.69308,38.89670,18.66041,4.67196,0.99313,0.92857,-0.73000,0.00125,3.23045,11.87862,8.32811,0.11700,0.97561,0,0,0,1,0,0,0,6,6,7,0,7,6,0,18,0,0,0,1.02881,782.89228,0.19075,130.25000
n-octanoyl-n-methyl-d-glucamine,8.18191,1317.35014,-0.73000,-0.75880,321.21514,1.18182,0.22190,0.93333,5,7,0.46988,41.39670,19.93681,4.89557,0.97263,0.93333,-0.73000,0.00090,3.32467,11.78709,8.04836,0.23238,0.98324,0,0,0,1,0,0,0,6,5,7,0,7,5,0,19,0,0,0,1.08577,1088.59825,0.29053,121.46000
n-methyl-n-octyl-d-gluconamide,8.18417,1317.35014,-0.73000,-0.75880,321.21514,1.18182,0.25347,0.93333,5,7,0.23149,41.39670,19.93681,4.89557,0.91672,0.93333,-0.73000,0.00052,3.32467,11.78709,7.50781,0.39952,0.81151,0,0,0,1,0,0,0,6,5,7,0,7,5,0,19,0,0,0,1.06068,1551.02332,0.32378,121.46000
1-o-octyl-d-glucitol,7.63441,1189.19713,-0.24000,-0.20060,294.20424,1.05000,0.21072,1.00000,5,6,0.17464,39.44949,18.97011,4.42887,0.88650,1.00000,-0.24000,0.00059,2.92500,12.49686,8.83686,0.46272,0.77307,0,0,0,0,0,0,0,6,5,6,0,6,5,0,19,0,0,0,1.13191,1304.98663,0.40998,110.38000
n-octyl-l-mannonamide,7.65904,1227.32424,-0.73000,-1.10100,307.19949,1.23810,0.25116,0.92857,6,7,0.20559,38.89670,18.66041,4.67196,0.89932,0.92857,-0.73000,0.00049,3.23045,11.87862,8.32811,0.43729,0.71240,0,0,0,1,0,0,0,6,6,7,0,7,6,0,18,0,0,0,0.95839,1454.98547,0.27357,130.25000
n-octyl-d-gluconamide,7.65904,1227.32424,-0.73000,-1.10100,307.19949,1.23810,0.25116,0.92857,6,7,0.52252,38.89670,18.66041,4.67196,0.98032,0.92857,-0.73000,0.00080,3.23045,11.87862,8.32811,0.19740,0.91152,0,0,0,1,0,0,0,6,6,7,0,7,6,0,18,0,0,0,0.92906,1136.14207,0.15282,130.25000
n-butyl-erythronamide,6.58571,637.73792,-0.65000,-1.38320,191.11576,1.92308,0.25115,0.87500,4,5,0.34361,23.08021,10.93567,2.76371,0.94991,0.87500,-0.65000,0.00230,1.97949,6.82204,4.81854,0.31253,0.94486,0,0,0,1,0,0,0,4,4,5,0,5,4,0,10,0,0,0,0.84580,411.60892,0.31959,89.79000
n-pentyl-erythronamide,6.76423,724.54215,-0.65000,-0.99310,205.13141,1.78571,0.25115,0.88889,4,5,0.46034,25.58021,12.18567,3.01371,0.97293,0.88889,-0.65000,0.00181,2.07176,7.72600,5.16012,0.23108,0.84794,0,0,0,1,0,0,0,4,4,5,0,5,4,0,11,0,0,0,0.72167,468.60142,0.18447,89.79000
n-hexyl-erythronamide,6.92778,813.00960,-0.65000,-0.60300,219.14706,1.66667,0.25115,0.90000,4,5,0.35942,28.08021,13.43567,3.26371,0.95367,0.90000,-0.65000,0.00158,2.16751,8.64168,6.43335,0.30086,0.94413,0,0,0,1,0,0,0,4,4,5,0,5,4,0,12,0,0,0,0.99727,595.95740,0.36283,89.79000
n-octyl-erythronamide,7.21096,994.37435,-0.65000,0.17720,247.17836,1.47059,0.25115,0.91667,4,5,0.19990,33.08021,15.93567,3.76371,0.90088,0.91667,-0.65000,0.00079,2.36618,10.50058,8.12454,0.43407,0.77207,0,0,0,1,0,0,0,4,4,5,0,5,4,0,14,0,0,0,0.96206,971.35836,0.33083,89.79000
n-octyl-d-gluconamide,7.65904,1227.32424,-0.73000,-1.10100,307.19949,1.23810,0.25116,0.92857,6,7,0.40650,38.89670,18.66041,4.67196,0.96391,0.92857,-0.73000,0.00088,3.23045,11.87862,8.32811,0.26622,0.91674,0,0,0,1,0,0,0,6,6,7,0,7,6,0,18,0,0,0,1.00824,1042.67710,0.26490,130.25000
d-gluconamide,6.90997,513.51615,-0.73000,-4.09240,195.07429,1.53846,0.24858,0.83333,7,7,0.19841,18.89670,8.63402,2.69835,0.89990,0.83333,-0.73000,0.00200,2.64577,5.09785,3.24712,0.43609,0.89276,0,0,0,1,0,0,0,6,6,7,0,7,7,0,10,0,0,0,0.97317,446.71830,0.51209,144.24000
n-methyl-gluconamide,7.01676,593.99267,-0.73000,-3.83170,209.08994,1.64286,0.25090,0.85714,6,7,0.22560,21.39670,9.91041,2.92196,0.91221,0.85714,-0.73000,0.00176,2.68652,5.88732,3.20112,0.40972,0.91052,0,0,0,1,0,0,0,6,6,7,0,7,6,0,11,0,0,0,0.93679,517.16567,0.49756,130.25000
n-ethyl-gluconamide,7.11773,679.91733,-0.73000,-3.44160,223.10559,1.60000,0.25115,0.87500,6,7,0.22727,23.89670,11.16041,3.17196,0.91376,0.87500,-0.73000,0.00149,2.74246,6.69847,4.10215,0.40626,0.89240,0,0,0,1,0,0,0,6,6,7,0,7,6,0,12,0,0,0,0.87999,597.97520,0.34386,130.25000
n-propyl-gluconamide,7.21606,767.58575,-0.73000,-3.05150,237.12124,1.56250,0.25116,0.88889,6,7,0.25486,26.39670,12.41041,3.42196,0.92446,0.88889,-0.73000,0.00085,2.80919,7.52816,4.41596,0.38128,0.75838,0,0,0,1,0,0,0,6,6,7,0,7,6,0,13,0,0,0,0.77661,891.45149,0.22657,130.25000
n-butyl-gluconamide,7.31206,856.83870,-0.73000,-2.66140,251.13689,1.52941,0.25116,0.90000,6,7,0.37674,28.89670,13.66041,3.67196,0.95882,0.90000,-0.73000,0.00131,2.88384,8.37382,5.42176,0.28400,0.87885,0,0,0,1,0,0,0,6,6,7,0,7,6,0,14,0,0,0,0.90864,669.90888,0.26435,130.25000
n-pentyl-gluconamide,7.40508,947.54351,-0.73000,-2.27130,265.15254,1.44444,0.25116,0.90909,6,7,0.41207,31.39670,14.91041,3.92196,0.96542,0.90909,-0.73000,0.00102,2.96446,9.23333,5.74241,0.26072,0.87772,0,0,0,1,0,0,0,6,6,7,0,7,6,0,15,0,0,0,0.84189,861.59385,0.18904,130.25000
n-hexyl-gluconamide,7.49429,1039.58798,-0.73000,-1.88120,279.16819,1.36842,0.25116,0.91667,6,7,0.41339,33.89670,16.16041,4.17196,0.96570,0.91667,-0.73000,0.00094,3.04971,10.10491,6.83645,0.25964,0.86830,0,0,0,1,0,0,0,6,6,7,0,7,6,0,16,0,0,0,0.88773,925.27115,0.19974,130.25000
n-heptyl-gluconamide,7.57906,1132.87598,-0.73000,-1.49110,293.18384,1.30000,0.25116,0.92308,6,7,0.31880,36.39670,17.41041,4.42196,0.94514,0.92308,-0.73000,0.00071,3.13861,10.98709,7.15908,0.32667,0.77932,0,0,0,1,0,0,0,6,6,7,0,7,6,0,17,0,0,0,0.87334,1097.16134,0.22003,130.25000
n-nonyl-gluconamide,7.73413,1322.85992,-0.73000,-0.71090,321.21514,1.18182,0.25116,0.93333,6,7,0.13176,41.39670,19.91041,4.92196,0.82986,0.93333,-0.73000,0.00034,3.32467,12.77843,8.64945,0.55797,0.65653,0,0,0,1,0,0,0,6,6,7,0,7,6,0,19,0,0,0,0.99949,1928.85728,0.31482,130.25000
4-methoxyphenyl β-d-xylopyranoside,2.77440,930.38602,-1.34000,-0.48700,256.09469,1.38889,0.22838,0.50000,3,6,0.64803,24.44949,12.06186,4.33712,0.99077,0.50000,-1.34000,0.00206,3.60604,5.53444,2.72906,0.13558,0.92205,0,1,1,0,1,0,1,6,3,6,1,6,3,2,7,0,1,1,0.64809,446.59700,0.12782,88.38000
glucitol,6.97058,440.84358,-0.24000,-3.58540,182.07904,1.00000,0.21072,1.00000,6,6,0.36921,19.44949,8.92423,2.47474,0.95724,1.00000,-0.24000,0.00263,2.22091,5.41346,3.01540,0.28930,0.88200,0,0,0,0,0,0,0,6,6,6,0,6,6,0,11,0,0,0,0.70279,334.91525,0.34627,121.38000
galactitol,6.97058,440.84358,-0.24000,-3.58540,182.07904,1.00000,0.21072,1.00000,6,6,0.44854,19.44949,8.92423,2.47474,0.96991,1.00000,-0.24000,0.00359,2.22091,5.41346,3.01540,0.24348,0.96429,0,0,0,0,0,0,0,6,6,6,0,6,6,0,11,0,0,0,0.83106,268.74511,0.31010,121.38000
"n-[5-hydroxy-6-(hydroxymethyl)-2-(4-methoxyphenoxy)-4-3,4,5-trihydroxy-6-(hydroxymethyl)oxan-2-yl]oxyoxan-3-yl]acetamide",2.80779,1970.88437,-2.07000,-3.15810,489.18463,1.08824,0.22293,0.66667,7,13,0.17675,46.84619,23.06403,8.16732,0.88342,0.66667,-2.07000,0.00018,7.24549,11.57292,5.76285,0.46859,0.72159,0,2,2,1,1,0,1,12,7,13,2,13,7,3,16,0,2,2,1.15819,3910.40041,0.27980,196.63000
"2-[3,5-dihydroxy-2-(hydroxymethyl)-6-(4-methoxyphenoxy)oxan-4-yl]oxy-6-(hydroxymethyl)oxane-3,4,5-triol",2.61937,1733.28354,-1.58000,-3.30190,448.15808,0.90323,0.22873,0.68421,7,12,0.48211,42.39898,20.82785,7.47011,0.97488,0.68421,-1.58000,0.00049,6.73016,10.35773,5.09146,0.22272,0.95734,0,2,2,0,1,0,1,12,7,12,2,12,7,3,15,0,2,2,1.22787,1956.86919,0.27065,187.76000
"2-[3,5-dihydroxy-2-(hydroxymethyl)-6-(4-methoxyphenoxy)oxan-4-yl]oxy-6-(hydroxymethyl)oxane-3,4,5-triol",2.61937,1733.28354,-1.58000,-3.30190,448.15808,0.90323,0.22873,0.68421,7,12,0.44356,42.39898,20.82785,7.47011,0.97050,0.68421,-1.58000,0.00041,6.73016,10.35773,5.09146,0.24112,0.87228,0,2,2,0,1,0,1,12,7,12,2,12,7,3,15,0,2,2,1.03842,2106.64423,0.20056,187.76000
"2-[[3,5-dihydroxy-6-(4-methoxyphenoxy)-4-[3,4,5-trihydroxy-6-(hydroxymethyl)oxan-2-yl]oxyoxan-2-yl]methoxy]-6-(hydroxymethyl)oxane-3,4,5-triol",2.34007,2461.33284,-1.78000,-5.47770,610.21090,0.71429,0.22873,0.76000,10,17,0.35336,57.44022,28.23146,10.14898,0.95411,0.76000,-1.78000,0.00019,9.37845,14.33441,6.96003,0.29947,0.82753,0,3,3,0,1,0,1,17,10,17,3,17,10,4,21,0,3,3,1.23869,4450.10213,0.22242,266.91000
